"Package","LibPath","Version","Priority","Depends","Imports","LinkingTo","Suggests","Enhances","License","License_is_FOSS","License_restricts_use","OS_type","MD5sum","NeedsCompilation","Built"
"abind","/n04dat04/ypwang/software/R/Lib","1.4-5",NA,"R (>= 1.5.0)","methods, utils",NA,NA,NA,"LGPL (>= 2)",NA,NA,NA,NA,"no","3.6.1"
"affy","/n04dat04/ypwang/software/R/Lib","1.64.0",NA,"R (>= 2.8.0), BiocGenerics (>= 0.1.12), Biobase (>= 2.5.5)","affyio (>= 1.13.3), BiocManager, graphics, grDevices, methods,
preprocessCore, stats, utils, zlibbioc","preprocessCore","tkWidgets (>= 1.19.0), affydata, widgetTools",NA,"LGPL (>= 2.0)",NA,NA,NA,NA,"yes","3.6.1"
"affyio","/n04dat04/ypwang/software/R/Lib","1.56.0",NA,"R (>= 2.6.0)","zlibbioc, methods",NA,NA,NA,"LGPL (>= 2)",NA,NA,NA,NA,"yes","3.6.1"
"annotate","/n04dat04/ypwang/software/R/Lib","1.64.0",NA,"R (>= 2.10), AnnotationDbi (>= 1.27.5), XML","Biobase, DBI, xtable, graphics, utils, stats, methods,
BiocGenerics (>= 0.13.8), RCurl",NA,"hgu95av2.db, genefilter, Biostrings (>= 2.25.10), IRanges,
rae230a.db, rae230aprobe, tkWidgets, GO.db, org.Hs.eg.db,
org.Mm.eg.db, hom.Hs.inp.db, humanCHRLOC, Rgraphviz, RUnit,",NA,"Artistic-2.0",NA,NA,NA,NA,"no","3.6.1"
"AnnotationDbi","/n04dat04/ypwang/software/R/Lib","1.48.0",NA,"R (>= 2.7.0), methods, utils, stats4, BiocGenerics (>=
0.29.2), Biobase (>= 1.17.0), IRanges","DBI, RSQLite, S4Vectors (>= 0.9.25)",NA,"hgu95av2.db, GO.db, org.Sc.sgd.db, org.At.tair.db, KEGG.db,
RUnit, TxDb.Hsapiens.UCSC.hg19.knownGene, hom.Hs.inp.db,
org.Hs.eg.db, reactome.db, AnnotationForge, graph,
EnsDb.Hsapiens.v75, BiocStyle, knitr",NA,"Artistic-2.0",NA,NA,NA,NA,"no","3.6.1"
"basicTrendline","/n04dat04/ypwang/software/R/Lib","2.0.5",NA,"R (>= 2.1.0)","graphics, stats, scales, investr",NA,NA,NA,"GPL-3",NA,NA,NA,NA,"no","3.6.1"
"BH","/n04dat04/ypwang/software/R/Lib","1.75.0-0",NA,NA,NA,NA,NA,NA,"BSL-1.0",NA,NA,NA,NA,"no","3.6.1"
"Biobase","/n04dat04/ypwang/software/R/Lib","2.46.0",NA,"R (>= 2.10), BiocGenerics (>= 0.27.1), utils","methods",NA,"tools, tkWidgets, ALL, RUnit, golubEsets",NA,"Artistic-2.0",NA,NA,NA,NA,"yes","3.6.1"
"BiocFileCache","/n04dat04/ypwang/software/R/Lib","1.10.2",NA,"R (>= 3.4.0), dbplyr (>= 1.0.0)","methods, stats, utils, dplyr, RSQLite, DBI, rappdirs, curl,
httr",NA,"testthat, knitr, BiocStyle, rmarkdown, rtracklayer",NA,"Artistic-2.0",NA,NA,NA,NA,"no","3.6.1"
"BiocGenerics","/n04dat04/ypwang/software/R/Lib","0.32.0",NA,"R (>= 3.6.0), methods, utils, graphics, stats, parallel","methods, utils, graphics, stats, parallel",NA,"Biobase, S4Vectors, IRanges, GenomicRanges, DelayedArray,
Biostrings, Rsamtools, AnnotationDbi, oligoClasses, oligo,
affyPLM, flowClust, affy, DESeq2, MSnbase, annotate, RUnit",NA,"Artistic-2.0",NA,NA,NA,NA,"no","3.6.1"
"BiocManager","/n04dat04/ypwang/software/R/Lib","1.30.16",NA,NA,"utils",NA,"BiocVersion, remotes, rmarkdown, testthat, withr, curl, knitr",NA,"Artistic-2.0",NA,NA,NA,NA,"no","3.6.1"
"BiocParallel","/n04dat04/ypwang/software/R/Lib","1.20.1",NA,"methods","stats, utils, futile.logger, parallel, snow","BH","BiocGenerics, tools, foreach, BatchJobs, BBmisc, doParallel,
Rmpi, GenomicRanges, RNAseqData.HNRNPC.bam.chr14,
TxDb.Hsapiens.UCSC.hg19.knownGene, VariantAnnotation,
Rsamtools, GenomicAlignments, ShortRead, codetools, RUnit,
BiocStyle, knitr, batchtools, data.table",NA,"GPL-2 | GPL-3",NA,NA,NA,NA,"yes","3.6.1"
"BiocVersion","/n04dat04/ypwang/software/R/Lib","3.10.1",NA,"R (>= 3.6.0)",NA,NA,NA,NA,"Artistic-2.0",NA,NA,NA,NA,"no","3.6.1"
"biomaRt","/n04dat04/ypwang/software/R/Lib","2.42.1",NA,"methods","utils, XML, AnnotationDbi, progress, stringr, httr, openssl,
BiocFileCache, rappdirs",NA,"annotate, BiocStyle, knitr, rmarkdown, testthat",NA,"Artistic-2.0",NA,NA,NA,NA,"no","3.6.1"
"biomartr","/n04dat04/ypwang/software/R/Lib","0.9.2",NA,"R (>= 3.1.1)","biomaRt, Biostrings, curl, tibble, jsonlite, data.table (>=
1.9.4), dplyr (>= 0.3.0), readr (>= 0.2.2), downloader (>=
0.3), RCurl (>= 1.95-4.5), XML (>= 3.98-1.1), httr (>= 0.6.1),
stringr (>= 0.6.2), purrr, R.utils, philentropy, fs (>= 1.3.1)",NA,"knitr (>= 1.6), rmarkdown (>= 0.3.3), devtools (>= 1.6.1),
testthat, seqinr, magrittr",NA,"GPL-2",NA,NA,NA,NA,"yes","3.6.1"
"Biostrings","/n04dat04/ypwang/software/R/Lib","2.54.0",NA,"R (>= 3.5.0), methods, BiocGenerics (>= 0.31.5), S4Vectors (>=
0.21.13), IRanges, XVector (>= 0.23.2)","graphics, methods, stats, utils","S4Vectors, IRanges, XVector","BSgenome (>= 1.13.14), BSgenome.Celegans.UCSC.ce2 (>=
1.3.11), BSgenome.Dmelanogaster.UCSC.dm3 (>= 1.3.11),
BSgenome.Hsapiens.UCSC.hg18, drosophila2probe, hgu95av2probe,
hgu133aprobe, GenomicFeatures (>= 1.3.14), hgu95av2cdf, affy
(>= 1.41.3), affydata (>= 1.11.5), RUnit","Rmpi","Artistic-2.0",NA,NA,NA,NA,"yes","3.6.1"
"brew","/n04dat04/ypwang/software/R/Lib","1.0-6",NA,NA,NA,NA,NA,NA,"GPL-2",NA,NA,NA,NA,NA,"3.6.1"
"cachem","/n04dat04/ypwang/software/R/Lib","1.0.4",NA,NA,"rlang, fastmap",NA,"testthat",NA,"MIT + file LICENSE",NA,NA,NA,NA,"yes","3.6.1"
"car","/n04dat04/ypwang/software/R/Lib","3.0-10",NA,"R (>= 3.5.0), carData (>= 3.0-0)","abind, MASS, mgcv, nnet, pbkrtest (>= 0.4-4), quantreg,
grDevices, utils, stats, graphics, maptools, rio, lme4, nlme",NA,"alr4, boot, coxme, knitr, leaps, lmtest, Matrix,
MatrixModels, rgl (>= 0.93.960), sandwich, SparseM, survival,
survey",NA,"GPL (>= 2)",NA,NA,NA,NA,"no","3.6.1"
"carData","/n04dat04/ypwang/software/R/Lib","3.0-4",NA,"R (>= 3.5.0)",NA,NA,NA,NA,"GPL (>= 2)",NA,NA,NA,NA,"no","3.6.1"
"checkmate","/n04dat04/ypwang/software/R/Lib","2.0.0",NA,"R (>= 3.0.0)","backports (>= 1.1.0), utils",NA,"R6, fastmatch, data.table (>= 1.9.8), devtools, ggplot2,
knitr, magrittr, microbenchmark, rmarkdown, testthat (>=
0.11.0), tinytest (>= 1.1.0), tibble",NA,"BSD_3_clause + file LICENSE",NA,NA,NA,NA,"yes","3.6.1"
"cliapp","/n04dat04/ypwang/software/R/Lib","0.1.1",NA,NA,"cli, crayon, fansi, glue (>= 1.3.0), prettycode, progress (>=
1.2.0), R6, selectr, utils, withr, xml2",NA,"callr, covr, rstudioapi, testthat",NA,"MIT + file LICENSE",NA,NA,NA,NA,"no","3.6.1"
"clusterProfiler","/n04dat04/ypwang/software/R/Lib","3.14.3",NA,"R (>= 3.4.0)","AnnotationDbi, DOSE (>= 3.5.1), enrichplot (>= 0.99.7),
ggplot2, GO.db, GOSemSim, magrittr, methods, plyr, qvalue,
rvcheck, stats, tidyr, utils",NA,"AnnotationHub, dplyr, KEGG.db, knitr, org.Hs.eg.db,
prettydoc, ReactomePA, testthat",NA,"Artistic-2.0",NA,NA,NA,NA,"no","3.6.1"
"conquer","/n04dat04/ypwang/software/R/Lib","1.0.2",NA,"R (>= 3.5.0)","Rcpp (>= 1.0.3), Matrix, matrixStats, stats","Rcpp, RcppArmadillo (>= 0.9.850.1.0)",NA,NA,"GPL-3",NA,NA,NA,NA,"yes","3.6.1"
"corrplot","/n04dat04/ypwang/software/R/Lib","0.89",NA,NA,NA,NA,"knitr, RColorBrewer, rmarkdown, prettydoc, testthat",NA,"MIT + file LICENSE",NA,NA,NA,NA,"no","3.6.1"
"cowplot","/n04dat04/ypwang/software/R/Lib","1.1.1",NA,"R (>= 3.5.0)","ggplot2 (> 2.2.1), grid, gtable, grDevices, methods, rlang,
scales",NA,"Cairo, covr, dplyr, forcats, gridGraphics (>= 0.4-0), knitr,
lattice, magick, maps, PASWR, patchwork, rmarkdown, ragg,
testthat (>= 1.0.0), tidyr, vdiffr (>= 0.3.0), VennDiagram",NA,"GPL-2",NA,NA,NA,NA,"no","3.6.1"
"curl","/n04dat04/ypwang/software/R/Lib","4.3.1",NA,"R (>= 3.0.0)",NA,NA,"spelling, testthat (>= 1.0.0), knitr, jsonlite, rmarkdown,
magrittr, httpuv (>= 1.4.4), webutils",NA,"MIT + file LICENSE",NA,NA,NA,NA,"yes","3.6.1"
"curry","/n04dat04/ypwang/software/R/Lib","0.1.1",NA,NA,NA,NA,NA,NA,"GPL (>= 2)",NA,NA,NA,NA,"no","3.6.1"
"data.table","/n04dat04/ypwang/software/R/Lib","1.13.2",NA,"R (>= 3.1.0)","methods",NA,"bit64, curl, R.utils, xts, nanotime, zoo, yaml, knitr,
rmarkdown",NA,"MPL-2.0 | file LICENSE",NA,NA,NA,NA,"yes","3.6.1"
"dendextend","/n04dat04/ypwang/software/R/Lib","1.15.1",NA,"R (>= 3.0.0)","utils, stats, datasets, magrittr (>= 1.0.1), ggplot2, viridis",NA,"knitr, rmarkdown, testthat, seriation, colorspace, ape,
microbenchmark, gplots, heatmaply, dynamicTreeCut, pvclust,
corrplot, DendSer, MASS, cluster, fpc, circlize (>= 0.2.5),
covr","ggdendro, dendroextras, Hmisc, data.table, rpart","GPL-2 | GPL-3",NA,NA,NA,NA,"no","3.6.1"
"DEoptimR","/n04dat04/ypwang/software/R/Lib","1.0-9",NA,NA,"stats",NA,NA,"robustbase","GPL (>= 2)",NA,NA,NA,NA,"no","3.6.1"
"Deriv","/n04dat04/ypwang/software/R/Lib","4.1.3",NA,NA,"methods",NA,"testthat",NA,"GPL (>= 3)",NA,NA,NA,NA,"no","3.6.1"
"DO.db","/n04dat04/ypwang/software/R/Lib","2.9",NA,"R (>= 2.7.0), methods, AnnotationDbi (>= 1.9.7)","methods, AnnotationDbi",NA,NA,NA,"Artistic-2.0",NA,NA,NA,NA,"no","3.6.1"
"doBy","/n04dat04/ypwang/software/R/Lib","4.6.10",NA,"R (>= 3.6.0), methods","broom, curry, Deriv, dplyr, ggplot2, MASS, Matrix, magrittr,
microbenchmark, pbkrtest (>= 0.4-8.1), tibble",NA,"multcomp, geepack, lme4, survival, testthat (>= 2.1.0), knitr",NA,"GPL (>= 2)",NA,NA,NA,NA,"no","3.6.1"
"doParallel","/n04dat04/ypwang/software/R/Lib","1.0.16",NA,"R (>= 2.14.0), foreach(>= 1.2.0), iterators(>= 1.0.0),
parallel, utils",NA,NA,"caret, mlbench, rpart, RUnit","compiler","GPL-2",NA,NA,NA,NA,"no","3.6.1"
"DOSE","/n04dat04/ypwang/software/R/Lib","3.12.0",NA,"R (>= 3.4.0)","AnnotationDbi, BiocParallel, DO.db, fgsea, ggplot2, GOSemSim
(>= 2.0.0), methods, qvalue, reshape2, S4Vectors, stats, utils",NA,"prettydoc, clusterProfiler, knitr, org.Hs.eg.db, testthat",NA,"Artistic-2.0",NA,NA,NA,NA,"no","3.6.1"
"downloader","/n04dat04/ypwang/software/R/Lib","0.4",NA,NA,"utils, digest",NA,"testthat",NA,"GPL-2",NA,NA,NA,NA,"no","3.6.1"
"dplyr","/n04dat04/ypwang/software/R/Lib","1.0.5",NA,"R (>= 3.3.0)","ellipsis, generics, glue (>= 1.3.2), lifecycle (>= 1.0.0),
magrittr (>= 1.5), methods, R6, rlang (>= 0.4.10), tibble (>=
2.1.3), tidyselect (>= 1.1.0), utils, vctrs (>= 0.3.5)",NA,"bench, broom, callr, covr, DBI, dbplyr (>= 1.4.3), knitr,
Lahman, lobstr, microbenchmark, nycflights13, purrr, rmarkdown,
RMySQL, RPostgreSQL, RSQLite, testthat (>= 3.0.2), tidyr, withr",NA,"MIT + file LICENSE",NA,NA,NA,NA,"yes","3.6.1"
"dtplyr","/n04dat04/ypwang/software/R/Lib","1.1.0",NA,"R (>= 3.3)","crayon, data.table (>= 1.12.4), dplyr (>= 1.0.3), ellipsis,
glue, lifecycle, rlang, tibble, tidyselect, vctrs",NA,"bench, covr, knitr, rmarkdown, testthat (>= 3.0.0), tidyr (>=
1.1.0)",NA,"MIT + file LICENSE",NA,NA,NA,NA,"no","3.6.1"
"dynamicTreeCut","/n04dat04/ypwang/software/R/Lib","1.63-1",NA,"R (>= 2.3.0), stats",NA,NA,NA,NA,"GPL (>= 2)",NA,NA,NA,NA,"no","3.6.1"
"edgeR","/n04dat04/ypwang/software/R/Lib","3.28.1",NA,"R (>= 3.6.0), limma (>= 3.41.5)","graphics, stats, utils, methods, locfit, Rcpp","Rcpp","AnnotationDbi, jsonlite, org.Hs.eg.db, readr, rhdf5, splines",NA,"GPL (>=2)",NA,NA,NA,NA,"yes","3.6.1"
"ellipse","/n04dat04/ypwang/software/R/Lib","0.4.2",NA,"R (>= 2.0.0),graphics,stats",NA,NA,"MASS",NA,"GPL (>= 2)",NA,NA,NA,NA,"no","3.6.1"
"enrichplot","/n04dat04/ypwang/software/R/Lib","1.6.1",NA,"R (>= 3.4.0)","AnnotationDbi, cowplot, DOSE (>= 3.5.1), europepmc, ggplot2,
ggplotify, ggraph, ggridges, GOSemSim, graphics, grDevices,
grid, gridExtra, igraph, methods, purrr, RColorBrewer,
reshape2, stats, utils",NA,"clusterProfiler, dplyr, ggupset, knitr, org.Hs.eg.db,
prettydoc, tibble",NA,"Artistic-2.0",NA,NA,NA,NA,"no","3.6.1"
"europepmc","/n04dat04/ypwang/software/R/Lib","0.4",NA,"R (>= 3.00)","httr, jsonlite, plyr, dplyr, progress, urltools, purrr, xml2,
tibble, tidyr, rlang",NA,"testthat, knitr, rmarkdown, ggplot2",NA,"GPL-3",NA,NA,NA,NA,"no","3.6.1"
"expm","/n04dat04/ypwang/software/R/Lib","0.999-6",NA,"Matrix","methods",NA,"RColorBrewer, sfsmisc, Rmpfr",NA,"GPL (>= 2)",NA,NA,NA,NA,"yes","3.6.1"
"fastcluster","/n04dat04/ypwang/software/R/Lib","1.1.25",NA,"R (>= 3.0.0)",NA,NA,NA,"stats, flashClust","FreeBSD | GPL-2 | file LICENSE",NA,NA,NA,NA,"yes","3.6.1"
"fastmatch","/n04dat04/ypwang/software/R/Lib","1.1-0",NA,NA,NA,NA,NA,NA,"GPL-2",NA,NA,NA,NA,"yes","3.6.1"
"fdrtool","/n04dat04/ypwang/software/R/Lib","1.2.16",NA,"R (>= 3.0.2)","graphics, grDevices, stats",NA,"",NA,"GPL (>= 3)",NA,NA,NA,NA,"yes","3.6.1"
"fgsea","/n04dat04/ypwang/software/R/Lib","1.12.0",NA,"R (>= 3.3), Rcpp","data.table, BiocParallel, stats, ggplot2 (>= 2.2.0),
gridExtra, grid, fastmatch, Matrix, utils","Rcpp, BH","testthat, knitr, rmarkdown, reactome.db, AnnotationDbi,
parallel, org.Mm.eg.db, limma, GEOquery",NA,"MIT + file LICENCE",NA,NA,NA,NA,"yes","3.6.1"
"filelock","/n04dat04/ypwang/software/R/Lib","1.0.2",NA,NA,NA,NA,"callr (>= 2.0.0), covr, testthat",NA,"MIT + file LICENSE",NA,NA,NA,NA,"yes","3.6.1"
"fmsb","/n04dat04/ypwang/software/R/Lib","0.7.1",NA,"R (>= 2.2.0)",NA,NA,NA,NA,"GPL (>= 2)",NA,NA,NA,NA,"no","3.6.1"
"Formula","/n04dat04/ypwang/software/R/Lib","1.2-4",NA,"R (>= 2.0.0), stats",NA,NA,NA,NA,"GPL-2 | GPL-3",NA,NA,NA,NA,"no","3.6.1"
"futile.logger","/n04dat04/ypwang/software/R/Lib","1.4.3",NA,"R (>= 3.0.0)","utils, lambda.r (>= 1.1.0), futile.options",NA,"testthat, jsonlite",NA,"LGPL-3",NA,NA,NA,NA,"no","3.6.1"
"futile.options","/n04dat04/ypwang/software/R/Lib","1.0.1",NA,"R (>= 2.8.0)",NA,NA,NA,NA,"LGPL-3",NA,NA,NA,NA,"no","3.6.1"
"gargle","/n04dat04/ypwang/software/R/Lib","1.1.0",NA,"R (>= 3.3)","cli (>= 2.3.1), fs (>= 1.3.1), glue (>= 1.3.0), httr (>=
1.4.0), jsonlite, rappdirs, rlang (>= 0.4.9), rstudioapi,
stats, withr",NA,"covr, httpuv, knitr, mockr, rmarkdown, sodium, spelling,
testthat (>= 3.0.0)",NA,"MIT + file LICENSE",NA,NA,NA,NA,"no","3.6.1"
"geneplotter","/n04dat04/ypwang/software/R/Lib","1.64.0",NA,"R (>= 2.10), methods, Biobase, BiocGenerics, lattice, annotate","AnnotationDbi, graphics, grDevices, grid, RColorBrewer, stats,
utils",NA,"Rgraphviz, fibroEset, hgu95av2.db, hu6800.db, hgu133a.db",NA,"Artistic-2.0",NA,NA,NA,NA,"no","3.6.1"
"GenomeInfoDb","/n04dat04/ypwang/software/R/Lib","1.22.1",NA,"R (>= 3.1), methods, BiocGenerics (>= 0.13.8), S4Vectors (>=
0.17.25), IRanges (>= 2.13.12)","stats, stats4, utils, RCurl, GenomeInfoDbData",NA,"GenomicRanges, Rsamtools, GenomicAlignments, BSgenome,
GenomicFeatures, BSgenome.Scerevisiae.UCSC.sacCer2,
BSgenome.Celegans.UCSC.ce2, BSgenome.Hsapiens.NCBI.GRCh38,
TxDb.Dmelanogaster.UCSC.dm3.ensGene, RUnit, BiocStyle, knitr",NA,"Artistic-2.0",NA,NA,NA,NA,"no","3.6.1"
"GenomeInfoDbData","/n04dat04/ypwang/software/R/Lib","1.2.2",NA,"R (>= 3.5.0)",NA,NA,NA,NA,"Artistic-2.0",NA,NA,NA,NA,"no","3.6.1"
"GEOquery","/n04dat04/ypwang/software/R/Lib","2.54.1",NA,"methods, Biobase","httr, readr (>= 1.3.1), xml2, dplyr, tidyr, magrittr, limma",NA,"knitr, rmarkdown, BiocGenerics, testthat, covr",NA,"GPL-2",NA,NA,NA,NA,"no","3.6.1"
"ggforce","/n04dat04/ypwang/software/R/Lib","0.3.3",NA,"ggplot2 (>= 3.0.0), R (>= 3.3.0)","Rcpp (>= 0.12.2), grid, scales, MASS, tweenr (>= 0.1.5),
gtable, rlang, polyclip, stats, grDevices, tidyselect, withr,
utils","Rcpp, RcppEigen","sessioninfo, concaveman, deldir, reshape2, units (>= 0.4-6),
covr",NA,"MIT + file LICENSE",NA,NA,NA,NA,"yes","3.6.1"
"ggm","/n04dat04/ypwang/software/R/Lib","2.5",NA,"R (>= 3.6)","igraph, methods, graph",NA,NA,NA,"GPL-2",NA,NA,NA,NA,"no","3.6.1"
"ggplot","/n04dat04/ypwang/software/R/Lib","0.4.2",NA,"R (>= 2.3), grid, reshape (>= 0.7.4), RColorBrewer",NA,NA,"butler, mapproj, quantreg, MASS",NA,"GPL",NA,NA,NA,NA,NA,"3.6.1"
"ggplot2","/n04dat04/ypwang/software/R/Lib","3.3.4",NA,"R (>= 3.3)","digest, glue, grDevices, grid, gtable (>= 0.1.1), isoband,
MASS, mgcv, rlang (>= 0.4.10), scales (>= 0.5.0), stats,
tibble, withr (>= 2.0.0)",NA,"covr, ragg, dplyr, ggplot2movies, hexbin, Hmisc, interp,
knitr, lattice, mapproj, maps, maptools, multcomp, munsell,
nlme, profvis, quantreg, RColorBrewer, rgeos, rmarkdown, rpart,
sf (>= 0.7-3), svglite (>= 1.2.0.9001), testthat (>= 2.1.0),
vdiffr (>= 0.3.0), xml2","sp","MIT + file LICENSE",NA,NA,NA,NA,"no","3.6.1"
"ggplotify","/n04dat04/ypwang/software/R/Lib","0.0.7",NA,"R (>= 3.4.0)","ggplot2, graphics, grDevices, grid, gridGraphics, rvcheck",NA,"aplot, colorspace, cowplot, ggimage, knitr, rmarkdown,
lattice, prettydoc, vcd, utils",NA,"Artistic-2.0",NA,NA,NA,NA,"no","3.6.1"
"ggpmisc","/n04dat04/ypwang/software/R/Lib","0.4.0",NA,"R (>= 3.6.0), ggpp (>= 0.4.0)","grid, ggplot2 (>= 3.3.1), rlang (>= 0.4.7), generics (>=
0.1.0), glue (>= 1.4.2), gridExtra (>= 2.3), scales (>= 1.1.1),
MASS (>= 7.3-51.6), polynom (>= 1.4-0), quantreg (>= 5.85),
splus2R (>= 1.2-2), tibble (>= 3.0.3), plyr (>= 1.8.6), dplyr
(>= 1.0.2), xts (>= 0.12-0), zoo (>= 1.8-8), lubridate (>=
1.7.9), stringr (>= 1.4.0)",NA,"knitr (>= 1.29), rmarkdown (>= 2.3), broom (>= 0.7.3),
broom.mixed (>= 0.2.6), nlme (>= 3.1-148), gginnards(>= 0.0.3),
ggrepel (>= 0.9.1), magick (>= 2.6.0)",NA,"GPL (>= 2)",NA,NA,NA,NA,"no","3.6.1"
"ggpp","/n04dat04/ypwang/software/R/Lib","0.4.0",NA,"R (>= 3.6.0), ggplot2 (>= 3.3.2)","grid, rlang (>= 0.4.7), magrittr (>= 1.5), generics (>=
0.1.0), glue (>= 1.4.2), gridExtra (>= 2.3), scales (>= 1.1.1),
tibble (>= 3.0.3), plyr (>= 1.8.6), dplyr (>= 1.0.2), xts (>=
0.12-0), zoo (>= 1.8-8), MASS (>= 7.3-51.6), polynom (>=
1.4-0), lubridate (>= 1.7.9), stringr (>= 1.4.0)",NA,"knitr (>= 1.29), rmarkdown (>= 2.3), gginnards(>= 0.0.3),
ggrepel (>= 0.9.1), magick (>= 2.6.0)",NA,"GPL (>= 2)",NA,NA,NA,NA,"no","3.6.1"
"ggpubr","/n04dat04/ypwang/software/R/Lib","0.4.0",NA,"R (>= 3.1.0), ggplot2","ggrepel, grid, ggsci, stats, utils, tidyr, purrr, dplyr (>=
0.7.1), cowplot, ggsignif, scales, gridExtra, glue, polynom,
rlang, rstatix (>= 0.6.0), tibble, magrittr",NA,"grDevices, knitr, RColorBrewer, gtable",NA,"GPL-2",NA,NA,NA,NA,"no","3.6.1"
"ggraph","/n04dat04/ypwang/software/R/Lib","2.0.5",NA,"R (>= 2.10), ggplot2 (>= 3.0.0)","Rcpp (>= 0.12.2), dplyr, ggforce (>= 0.3.1), grid, igraph (>=
1.0.0), scales, MASS, digest, gtable, ggrepel, utils, stats,
viridis, rlang, tidygraph, graphlayouts (>= 0.5.0), withr","Rcpp","network, knitr, rmarkdown, purrr, tibble, seriation, deldir,
gganimate, covr",NA,"MIT + file LICENSE",NA,NA,NA,NA,"yes","3.6.1"
"ggrepel","/n04dat04/ypwang/software/R/Lib","0.9.1",NA,"R (>= 3.0.0), ggplot2 (>= 2.2.0)","grid, Rcpp, rlang (>= 0.3.0), scales (>= 0.5.0)","Rcpp","knitr, rmarkdown, testthat, gridExtra, devtools, prettydoc,
ggbeeswarm, dplyr, magrittr, readr, stringr",NA,"GPL-3 | file LICENSE",NA,NA,NA,NA,"yes","3.6.1"
"ggridges","/n04dat04/ypwang/software/R/Lib","0.5.3",NA,"R (>= 3.2)","ggplot2 (>= 3.0.0), grid (>= 3.0.0), plyr (>= 1.8.0), scales
(>= 0.4.1), withr (>= 2.1.1)",NA,"covr, dplyr, patchwork, ggplot2movies, forcats, knitr,
rmarkdown, testthat, vdiffr",NA,"GPL-2 | file LICENSE",NA,NA,NA,NA,"no","3.6.1"
"ggsci","/n04dat04/ypwang/software/R/Lib","2.9",NA,"R (>= 3.0.2)","grDevices, scales, ggplot2 (>= 2.0.0)",NA,"knitr, rmarkdown, gridExtra, reshape2",NA,"GPL-3 | file LICENSE",NA,NA,NA,NA,"no","3.6.1"
"ggsignif","/n04dat04/ypwang/software/R/Lib","0.6.2",NA,NA,"ggplot2 (>= 3.3.3)",NA,"knitr, rmarkdown, spelling, testthat, vdiffr (>= 1.0.0)",NA,"GPL-3 | file LICENSE",NA,NA,NA,NA,"no","3.6.1"
"ggthemes","/n04dat04/ypwang/software/R/Lib","4.2.4",NA,"R (>= 3.3.0)","ggplot2 (>= 3.0.0), graphics, grid, methods, purrr, scales,
stringr, tibble",NA,"dplyr, covr, extrafont, glue, knitr, lattice, lintr, maps,
mapproj, pander, rlang, rmarkdown, spelling, testthat, tidyr,
vdiffr, withr",NA,"GPL-2",NA,NA,NA,NA,"no","3.6.1"
"ggwordcloud","/n04dat04/ypwang/software/R/Lib","0.5.0",NA,"R (>= 2.10), ggplot2 (>= 3.0.0)","grid, Rcpp, scales (>= 1.0.0), colorspace, png","Rcpp","testthat (>= 2.0.0), knitr, rmarkdown, ggrepel, wordcloud,
wordcloud2, covr, dplyr, tidyr",NA,"GPL-3",NA,NA,NA,NA,"yes","3.6.1"
"gh","/n04dat04/ypwang/software/R/Lib","1.3.0",NA,NA,"cli (>= 2.0.1), gitcreds, httr (>= 1.2), ini, jsonlite",NA,"covr, knitr, mockery, rmarkdown, rprojroot, spelling,
testthat (>= 2.3.2), withr",NA,"MIT + file LICENSE",NA,NA,NA,NA,"no","3.6.1"
"gitcreds","/n04dat04/ypwang/software/R/Lib","0.1.1",NA,NA,NA,NA,"codetools, testthat, knitr, mockery, oskeyring, rmarkdown,
withr",NA,"MIT + file LICENSE",NA,NA,NA,NA,"no","3.6.1"
"Glimma","/n04dat04/ypwang/software/R/Lib","1.14.0",NA,"R (>= 3.4.0)","edgeR, grDevices, jsonlite, methods, stats, S4Vectors, utils",NA,"BiocStyle, IRanges, GenomicRanges, SummarizedExperiment,
DESeq2, limma, testthat, knitr, rmarkdown, pryr",NA,"GPL-3 | file LICENSE",NA,NA,NA,NA,"no","3.6.1"
"gmm","/n04dat04/ypwang/software/R/Lib","1.6-6",NA,"R (>= 2.10.0), sandwich","stats, methods, grDevices, graphics",NA,"knitr, mvtnorm, car, stabledist, MASS, timeDate, timeSeries",NA,"GPL (>= 2)",NA,NA,NA,NA,"yes","3.6.1"
"GO.db","/n04dat04/ypwang/software/R/Lib","3.10.0",NA,"R (>= 2.7.0), methods, AnnotationDbi (>= 1.47.1)","methods, AnnotationDbi",NA,"DBI",NA,"Artistic-2.0",NA,NA,NA,NA,"no","3.6.1"
"googledrive","/n04dat04/ypwang/software/R/Lib","1.0.1",NA,"R (>= 3.2)","curl (>= 2.8.1), gargle (>= 0.3.1), glue (>= 1.2.0), httr,
jsonlite, magrittr, purrr (>= 0.2.3), rlang (>= 0.3.1), tibble
(>= 2.0.0), utils, uuid",NA,"covr, dplyr, knitr, rmarkdown, roxygen2, sodium, spelling,
testthat (>= 2.1.1)",NA,"MIT + file LICENSE",NA,NA,NA,NA,"no","3.6.1"
"googlesheets4","/n04dat04/ypwang/software/R/Lib","0.3.0",NA,"R (>= 3.2)","cellranger, curl, gargle (>= 1.0.0), glue (>= 1.3.0),
googledrive (>= 1.0.0), httr, ids, lifecycle, magrittr,
methods, purrr, rematch2, rlang, tibble (>= 2.1.1), utils,
vctrs (>= 0.2.3)",NA,"covr, readr, rmarkdown, sodium, spelling, testthat (>=
2.1.0), withr",NA,"MIT + file LICENSE",NA,NA,NA,NA,"no","3.6.1"
"GOSemSim","/n04dat04/ypwang/software/R/Lib","2.12.1",NA,"R (>= 3.4.0)","AnnotationDbi, GO.db, methods, utils","Rcpp","AnnotationHub, BiocManager, clusterProfiler, DOSE, knitr,
org.Hs.eg.db, prettydoc, testthat",NA,"Artistic-2.0",NA,NA,NA,NA,"yes","3.6.1"
"GPArotation","/n04dat04/ypwang/software/R/Lib","2014.11-1",NA,"R (>= 2.0.0)",NA,NA,NA,NA,"GPL (>= 2) | file LICENSE",NA,NA,NA,NA,"no","3.6.1"
"gplots","/n04dat04/ypwang/software/R/Lib","3.1.1",NA,"R (>= 3.0)","gtools, stats, caTools, KernSmooth",NA,"grid, MASS, knitr",NA,"GPL-2",NA,NA,NA,NA,"no","3.6.1"
"graph","/n04dat04/ypwang/software/R/Lib","1.64.0",NA,"R (>= 2.10), methods, BiocGenerics (>= 0.13.11)","stats, stats4, utils",NA,"SparseM (>= 0.36), XML, RBGL, RUnit, cluster","Rgraphviz","Artistic-2.0",NA,NA,NA,NA,"yes","3.6.1"
"graphlayouts","/n04dat04/ypwang/software/R/Lib","0.7.1",NA,"R (>= 3.2.0)","igraph, Rcpp","Rcpp, RcppArmadillo","oaqc, testthat, ggraph, ggplot2, knitr, rmarkdown",NA,"MIT + file LICENSE",NA,NA,NA,NA,"yes","3.6.1"
"gridExtra","/n04dat04/ypwang/software/R/Lib","2.3",NA,NA,"gtable, grid, grDevices, graphics, utils",NA,"ggplot2, egg, lattice, knitr, testthat",NA,"GPL (>= 2)",NA,NA,NA,NA,"no","3.6.1"
"gridGraphics","/n04dat04/ypwang/software/R/Lib","0.5-1",NA,"grid, graphics","grDevices",NA,"magick (>= 1.3), pdftools (>= 1.6)",NA,"GPL (>= 2)",NA,NA,NA,NA,"no","3.6.1"
"GSEABase","/n04dat04/ypwang/software/R/Lib","1.48.0",NA,"R (>= 2.6.0), BiocGenerics (>= 0.13.8), Biobase (>= 2.17.8),
annotate (>= 1.45.3), methods, graph (>= 1.37.2)","AnnotationDbi, XML",NA,"hgu95av2.db, GO.db, org.Hs.eg.db, Rgraphviz, ReportingTools,
testthat, BiocStyle, knitr",NA,"Artistic-2.0",NA,NA,NA,NA,"no","3.6.1"
"gtools","/n04dat04/ypwang/software/R/Lib","3.8.2",NA,"methods, stats, utils",NA,NA,NA,NA,"GPL-2",NA,NA,NA,NA,"yes","3.6.1"
"Hmisc","/n04dat04/ypwang/software/R/Lib","4.5-0",NA,"lattice, survival (>= 3.1-6), Formula, ggplot2 (>= 2.2)","methods, latticeExtra, cluster, rpart, nnet, foreign, gtable,
grid, gridExtra, data.table, htmlTable (>= 1.11.0), viridis,
htmltools, base64enc",NA,"acepack, chron, rms, mice, tables, knitr, plotly (>= 4.5.6),
rlang, plyr, VGAM",NA,"GPL (>= 2)",NA,NA,NA,NA,"yes","3.6.1"
"htmlTable","/n04dat04/ypwang/software/R/Lib","2.2.1",NA,NA,"stringr, knitr (>= 1.6), magrittr (>= 1.5), methods,
checkmate, htmlwidgets, htmltools, rstudioapi (>= 0.6)",NA,"testthat, XML, xml2, Hmisc, reshape, rmarkdown, chron,
lubridate, tibble, purrr, tidyselect, glue, rlang, tidyr (>=
0.7.2), dplyr (>= 0.7.4)",NA,"GPL (>= 3)",NA,NA,NA,NA,"no","3.6.1"
"httr","/n04dat04/ypwang/software/R/Lib","1.4.2",NA,"R (>= 3.2)","curl (>= 3.0.0), jsonlite, mime, openssl (>= 0.8), R6",NA,"covr, httpuv, jpeg, knitr, png, readr, rmarkdown, testthat
(>= 0.8.0), xml2",NA,"MIT + file LICENSE",NA,NA,NA,NA,"no","3.6.1"
"ids","/n04dat04/ypwang/software/R/Lib","1.0.1",NA,NA,"openssl, uuid",NA,"knitr, rcorpora, rmarkdown, testthat",NA,"MIT + file LICENSE",NA,NA,NA,NA,"no","3.6.1"
"igraph","/n04dat04/ypwang/software/R/Lib","1.2.6",NA,"methods","graphics, grDevices, magrittr, Matrix, pkgconfig (>= 2.0.0),
stats, utils",NA,"ape, digest, graph, igraphdata, rgl, scales, stats4, tcltk,
testthat, withr",NA,"GPL (>= 2)",NA,NA,NA,NA,"yes","3.6.1"
"impute","/n04dat04/ypwang/software/R/Lib","1.60.0",NA,"R (>= 2.10)",NA,NA,NA,NA,"GPL-2",NA,NA,NA,NA,"yes","3.6.1"
"ini","/n04dat04/ypwang/software/R/Lib","0.3.1",NA,NA,NA,NA,"testthat",NA,"GPL-3",NA,NA,NA,NA,"no","3.6.1"
"investr","/n04dat04/ypwang/software/R/Lib","1.4.0",NA,"base,","graphics, nlme, stats, utils,",NA,"boot, datasets, knitr, MASS, testthat,",NA,"GPL (>= 2)",NA,NA,NA,NA,"no","3.6.1"
"IRanges","/n04dat04/ypwang/software/R/Lib","2.20.2",NA,"R (>= 3.1.0), methods, utils, stats, BiocGenerics (>= 0.25.3),
S4Vectors (>= 0.23.22)","stats4","S4Vectors","XVector, GenomicRanges, Rsamtools, GenomicAlignments,
GenomicFeatures, BSgenome.Celegans.UCSC.ce2, pasillaBamSubset,
RUnit, BiocStyle",NA,"Artistic-2.0",NA,NA,NA,NA,"yes","3.6.1"
"jpeg","/n04dat04/ypwang/software/R/Lib","0.1-8.1",NA,"R (>= 2.9.0)",NA,NA,NA,NA,"GPL-2 | GPL-3",NA,NA,NA,NA,"yes","3.6.1"
"kpeaks","/n04dat04/ypwang/software/R/Lib","1.1.0",NA,"R (>= 3.3.0)","graphics, stats, utils, methods",NA,NA,NA,"GPL (>= 2)",NA,NA,NA,NA,"no","3.6.1"
"lambda.r","/n04dat04/ypwang/software/R/Lib","1.2.4",NA,"R (>= 3.0.0)","formatR",NA,"testit",NA,"LGPL-3",NA,NA,NA,NA,"no","3.6.1"
"latticeExtra","/n04dat04/ypwang/software/R/Lib","0.6-29",NA,"R (>= 3.6.0), lattice","grid, stats, utils, grDevices, png, jpeg, RColorBrewer",NA,"maps, mapproj, deldir, tripack, quantreg, zoo, MASS, mgcv",NA,"GPL (>= 2)",NA,NA,NA,NA,"no","3.6.1"
"lavaan","/n04dat04/ypwang/software/R/Lib","0.6-8",NA,"R(>= 3.4)","methods, stats4, stats, utils, graphics, MASS, mnormt,
pbivnorm, numDeriv",NA,NA,NA,"GPL (>= 2)",NA,NA,NA,NA,"no","3.6.1"
"lifecycle","/n04dat04/ypwang/software/R/Lib","1.0.0",NA,"R (>= 3.3)","glue, rlang (>= 0.4.10)",NA,"covr, crayon, knitr, rmarkdown, testthat (>= 3.0.1), tibble",NA,"MIT + file LICENSE",NA,NA,NA,NA,"no","3.6.1"
"limma","/n04dat04/ypwang/software/R/Lib","3.42.2",NA,"R (>= 3.6.0)","grDevices, graphics, stats, utils, methods",NA,"affy, AnnotationDbi, BiasedUrn, Biobase, ellipse, GO.db,
gplots, illuminaio, locfit, MASS, org.Hs.eg.db, splines,
statmod (>= 1.2.2), vsn",NA,"GPL (>=2)",NA,NA,NA,NA,"yes","3.6.1"
"lme4","/n04dat04/ypwang/software/R/Lib","1.1-26",NA,"R (>= 3.2.0), Matrix (>= 1.2-1), methods, stats","graphics, grid, splines, utils, parallel, MASS, lattice, boot,
nlme (>= 3.1-123), minqa (>= 1.1.15), nloptr (>= 1.0.4),
statmod","Rcpp (>= 0.10.5), RcppEigen","knitr, rmarkdown, PKPDmodels, MEMSS, testthat (>= 0.8.1),
ggplot2, mlmRev, optimx (>= 2013.8.6), gamm4, pbkrtest, HSAUR3,
numDeriv, car, dfoptim, mgcv",NA,"GPL (>= 2)",NA,NA,NA,NA,"yes","3.6.1"
"locfit","/n04dat04/ypwang/software/R/Lib","1.5-9.4",NA,"R (>= 3.5.0)","lattice",NA,"interp, gam",NA,"GPL (>= 2)",NA,NA,NA,NA,"yes","3.6.1"
"lpSolve","/n04dat04/ypwang/software/R/Lib","5.6.15",NA,NA,NA,NA,NA,NA,"LGPL-2",NA,NA,NA,NA,"yes","3.6.1"
"ltm","/n04dat04/ypwang/software/R/Lib","1.1-1",NA,"R (>= 3.0.0), MASS, msm, polycor",NA,NA,NA,NA,"GPL (>= 2)",NA,NA,NA,NA,"no","3.6.1"
"manipulateWidget","/n04dat04/ypwang/software/R/Lib","0.11.0",NA,"R (>= 2.10)","shiny (>= 1.0.3), miniUI, htmltools, htmlwidgets, knitr,
methods, tools, base64enc, grDevices, codetools, webshot,
shinyjs",NA,"dygraphs, leaflet, plotly, xts, rmarkdown, testthat, covr",NA,"GPL (>= 2) | file LICENSE",NA,NA,NA,NA,"no","3.6.1"
"maptools","/n04dat04/ypwang/software/R/Lib","1.1-1",NA,"R (>= 2.10), sp (>= 1.0-11)","foreign (>= 0.8), methods, grid, lattice, stats, utils,
grDevices",NA,"rgeos (>= 0.1-8), spatstat.geom (>= 1.65-0), PBSmapping,
maps, RColorBrewer, raster, polyclip, plotrix, spatstat.linnet
(>= 1.65-3), spatstat.utils (>= 1.19.0), spatstat (>= 2.0-0)","gpclib","GPL (>= 2)",NA,NA,NA,NA,"yes","3.6.1"
"MASS","/n04dat04/ypwang/software/R/Lib","7.3-53.1","recommended","R (>= 3.1.0), grDevices, graphics, stats, utils","methods",NA,"lattice, nlme, nnet, survival",NA,"GPL-2 | GPL-3",NA,NA,NA,NA,"yes","3.6.1"
"MatrixModels","/n04dat04/ypwang/software/R/Lib","0.5-0",NA,"R (>= 3.0.1)","stats, methods, Matrix (>= 1.1-5)",NA,NA,NA,"GPL (>= 2)",NA,NA,NA,NA,"no","3.6.1"
"matrixStats","/n04dat04/ypwang/software/R/Lib","0.58.0",NA,"R (>= 2.12.0)",NA,NA,"base64enc, ggplot2, knitr, microbenchmark, R.devices, R.rsp",NA,"Artistic-2.0",NA,NA,NA,NA,"yes","3.6.1"
"memoise","/n04dat04/ypwang/software/R/Lib","2.0.0",NA,NA,"rlang (>= 0.4.10), cachem",NA,"digest, aws.s3, covr, googleAuthR, googleCloudStorageR, httr,
testthat",NA,"MIT + file LICENSE",NA,NA,NA,NA,"no","3.6.1"
"microbenchmark","/n04dat04/ypwang/software/R/Lib","1.4-7",NA,NA,"graphics, stats",NA,"ggplot2, multcomp, RUnit",NA,"BSD_2_clause + file LICENSE",NA,NA,NA,NA,"yes","3.6.1"
"minqa","/n04dat04/ypwang/software/R/Lib","1.2.4",NA,NA,"Rcpp (>= 0.9.10)","Rcpp",NA,NA,"GPL-2",NA,NA,NA,NA,"yes","3.6.1"
"mnormt","/n04dat04/ypwang/software/R/Lib","2.0.2",NA,"R (>= 2.2.0)","tmvnsim (>= 1.0-2)",NA,NA,NA,"GPL-2 | GPL-3",NA,NA,NA,NA,"yes","3.6.1"
"mockery","/n04dat04/ypwang/software/R/Lib","0.4.2",NA,NA,"testthat",NA,"knitr, rmarkdown (>= 1.0), R6",NA,"MIT + file LICENSE",NA,NA,NA,NA,"no","3.6.1"
"msm","/n04dat04/ypwang/software/R/Lib","1.6.8",NA,NA,"survival,mvtnorm,expm",NA,"mstate,minqa,doParallel,foreach,numDeriv,testthat,flexsurv",NA,"GPL (>= 2)",NA,NA,NA,NA,"yes","3.6.1"
"mvtnorm","/n04dat04/ypwang/software/R/Lib","1.1-1",NA,"R(>= 3.5.0)","stats, methods",NA,NA,NA,"GPL-2",NA,NA,NA,NA,"yes","3.6.1"
"nloptr","/n04dat04/ypwang/software/R/Lib","1.2.2.2",NA,NA,NA,NA,"testthat (>= 0.8.1), knitr, rmarkdown, inline (>= 0.3.14)",NA,"LGPL-3",NA,NA,NA,NA,"yes","3.6.1"
"openxlsx","/n04dat04/ypwang/software/R/Lib","4.2.3",NA,"R (>= 3.3.0)","grDevices, methods, Rcpp, stats, utils, zip, stringi","Rcpp","knitr, testthat, roxygen2, rmarkdown",NA,"MIT + file LICENSE",NA,NA,NA,NA,"yes","3.6.1"
"org.Hs.eg.db","/n04dat04/ypwang/software/R/Lib","3.10.0",NA,"R (>= 2.7.0), methods, AnnotationDbi (>= 1.47.1)","methods, AnnotationDbi",NA,"DBI, annotate, RUnit",NA,"Artistic-2.0",NA,NA,NA,NA,"no","3.6.1"
"pak","/n04dat04/ypwang/software/R/Lib","0.1.2.1",NA,"R (>= 3.2)","assertthat, base64enc, callr (>= 3.0.0.9002), cli (>= 1.0.0),
cliapp (>= 0.0.0.9002), crayon (>= 1.3.4), curl (>= 3.2), desc
(>= 1.2.0), filelock (>= 1.0.2), glue (>= 1.3.0), jsonlite,
lpSolve, pkgbuild (>= 1.0.2), pkgcache (>= 1.0.3), prettyunits,
processx (>= 3.2.1), ps (>= 1.3.0), R6, rematch2, rprojroot (>=
1.3.2), tibble, utils",NA,"covr, mockery, pingr, testthat, withr",NA,"GPL-3",NA,NA,NA,NA,"no","3.6.1"
"pbapply","/n04dat04/ypwang/software/R/Lib","1.4-3",NA,"R (>= 3.2.0)","parallel",NA,NA,NA,"GPL-2",NA,NA,NA,NA,"no","3.6.1"
"pbivnorm","/n04dat04/ypwang/software/R/Lib","0.6.0",NA,NA,NA,NA,NA,NA,"GPL (>= 2)",NA,NA,NA,NA,"yes","3.6.1"
"pbkrtest","/n04dat04/ypwang/software/R/Lib","0.5.1",NA,"R (>= 3.5.0), lme4 (>= 1.1.10)","broom, dplyr, magrittr, MASS, Matrix (>= 1.2.3), methods,
numDeriv, parallel, knitr",NA,NA,NA,"GPL (>= 2)",NA,NA,NA,NA,"no","3.6.1"
"pheatmap","/n04dat04/ypwang/software/R/Lib","1.0.12",NA,"R (>= 2.0)","grid, RColorBrewer, scales, gtable, stats, grDevices, graphics",NA,NA,NA,"GPL-2",NA,NA,NA,NA,"no","3.6.1"
"philentropy","/n04dat04/ypwang/software/R/Lib","0.5.0",NA,"R (>= 3.1.2)","Rcpp, dplyr, KernSmooth","Rcpp","testthat, knitr, markdown",NA,"GPL-2",NA,NA,NA,NA,"yes","3.6.1"
"pkgcache","/n04dat04/ypwang/software/R/Lib","1.2.2",NA,"R (>= 3.1)","assertthat, callr (>= 2.0.4.9000), cli (>= 2.0.0), curl (>=
3.2), digest, filelock, glue, jsonlite, prettyunits, R6,
processx (>= 3.3.0.9001), rappdirs, rlang, tibble, tools,
utils, uuid",NA,"covr, debugme, desc, fs, mockery, pingr, rprojroot,
sessioninfo, testthat, webfakes, withr",NA,"MIT + file LICENSE",NA,NA,NA,NA,"no","3.6.1"
"plogr","/n04dat04/ypwang/software/R/Lib","0.2.0",NA,NA,NA,NA,"Rcpp",NA,"MIT + file LICENSE",NA,NA,NA,NA,"no","3.6.1"
"plotly","/n04dat04/ypwang/software/R/Lib","4.9.4.1",NA,"R (>= 3.2.0), ggplot2 (>= 3.0.0)","tools, scales, httr (>= 1.3.0), jsonlite (>= 1.6), magrittr,
digest, viridisLite, base64enc, htmltools (>= 0.3.6),
htmlwidgets (>= 1.5.2.9001), tidyr (>= 1.0.0), RColorBrewer,
dplyr, vctrs, tibble, lazyeval (>= 0.2.0), rlang (>= 0.4.10),
crosstalk, purrr, data.table, promises",NA,"MASS, maps, hexbin, ggthemes, GGally, testthat, knitr,
devtools, shiny (>= 1.1.0), shinytest (>= 1.3.0), curl,
rmarkdown, vdiffr, Cairo, broom, webshot, listviewer,
dendextend, sf, maptools, rgeos, png, IRdisplay, processx,
plotlyGeoAssets, forcats, palmerpenguins",NA,"MIT + file LICENSE",NA,NA,NA,NA,"no","3.6.1"
"plyr","/n04dat04/ypwang/software/R/Lib","1.8.6",NA,"R (>= 3.1.0)","Rcpp (>= 0.11.0)","Rcpp","abind, covr, doParallel, foreach, iterators, itertools,
tcltk, testthat",NA,"MIT + file LICENSE",NA,NA,NA,NA,"yes","3.6.1"
"png","/n04dat04/ypwang/software/R/Lib","0.1-7",NA,"R (>= 2.9.0)",NA,NA,NA,NA,"GPL-2 | GPL-3",NA,NA,NA,NA,"yes","3.6.1"
"poLCA","/n04dat04/ypwang/software/R/Lib","1.4.1",NA,"scatterplot3d, MASS",NA,NA,NA,NA,"GPL (>= 2)",NA,NA,NA,NA,"yes","3.6.1"
"polyclip","/n04dat04/ypwang/software/R/Lib","1.10-0",NA,"R (>= 3.0.0)",NA,NA,NA,NA,"BSL",NA,NA,NA,NA,"yes","3.6.1"
"polycor","/n04dat04/ypwang/software/R/Lib","0.7-10",NA,"R (>= 3.3.0)","stats, mvtnorm, Matrix",NA,NA,NA,"GPL (>= 2)",NA,NA,NA,NA,"no","3.6.1"
"polynom","/n04dat04/ypwang/software/R/Lib","1.4-0",NA,NA,"stats, graphics",NA,"knitr, rmarkdown",NA,"GPL-2",NA,NA,NA,NA,"no","3.6.1"
"preprocessCore","/n04dat04/ypwang/software/R/Lib","1.48.0",NA,NA,"stats",NA,NA,NA,"LGPL (>= 2)",NA,NA,NA,NA,"yes","3.6.1"
"prettycode","/n04dat04/ypwang/software/R/Lib","1.1.0",NA,NA,"crayon, utils",NA,"covr, mockery, rstudioapi, testthat, withr",NA,"MIT + file LICENSE",NA,NA,NA,NA,"no","3.6.1"
"psych","/n04dat04/ypwang/software/R/Lib","2.1.6",NA,NA,"mnormt,parallel,stats,graphics,grDevices,methods,lattice,nlme",NA,"psychTools, GPArotation, lavaan, lme4, Rcsdp, graph, knitr,
Rgraphviz",NA,"GPL (>= 2)",NA,NA,NA,NA,"no","3.6.1"
"quantreg","/n04dat04/ypwang/software/R/Lib","5.85",NA,"R (>= 2.6), stats, SparseM","methods, graphics, Matrix, MatrixModels, conquer",NA,"tripack, akima, MASS, survival, rgl, logspline, nor1mix,
Formula, zoo, R.rsp",NA,"GPL (>= 2)",NA,NA,NA,NA,"yes","3.6.1"
"qvalue","/n04dat04/ypwang/software/R/Lib","2.18.0",NA,"R(>= 2.10)","splines, ggplot2, grid, reshape2",NA,"knitr",NA,"LGPL",NA,NA,NA,NA,"no","3.6.1"
"R.matlab","/n04dat04/ypwang/software/R/Lib","3.6.2",NA,"R (>= 2.14.0)","methods, utils, R.methodsS3 (>= 1.7.1), R.oo (>= 1.21.0),
R.utils (>= 2.5.0)",NA,"Matrix, SparseM",NA,"LGPL (>= 2.1)",NA,NA,NA,NA,"no","3.6.1"
"R.methodsS3","/n04dat04/ypwang/software/R/Lib","1.8.1",NA,"R (>= 2.13.0)","utils",NA,"codetools",NA,"LGPL (>= 2.1)",NA,NA,NA,NA,"no","3.6.1"
"R.oo","/n04dat04/ypwang/software/R/Lib","1.24.0",NA,"R (>= 2.13.0), R.methodsS3 (>= 1.8.0)","methods, utils",NA,"tools",NA,"LGPL (>= 2.1)",NA,NA,NA,NA,"no","3.6.1"
"R.utils","/n04dat04/ypwang/software/R/Lib","2.10.1",NA,"R (>= 2.14.0), R.oo (>= 1.23.0)","methods, utils, tools, R.methodsS3 (>= 1.8.0)",NA,"digest (>= 0.6.10)",NA,"LGPL (>= 2.1)",NA,NA,NA,NA,"no","3.6.1"
"rcmdcheck","/n04dat04/ypwang/software/R/Lib","1.3.3",NA,NA,"callr (>= 3.1.1.9000), cli (>= 1.1.0), crayon, desc (>=
1.2.0), digest, pkgbuild, prettyunits, R6, rprojroot,
sessioninfo (>= 1.1.1), utils, withr, xopen",NA,"covr, knitr, mockery, rmarkdown, testthat",NA,"MIT + file LICENSE",NA,NA,NA,NA,"no","3.6.1"
"RColorBrewer","/n04dat04/ypwang/software/R/Lib","1.1-2",NA,"R (>= 2.0.0)",NA,NA,NA,NA,"Apache License 2.0",NA,NA,NA,NA,"no","3.6.1"
"RcppArmadillo","/n04dat04/ypwang/software/R/Lib","0.10.4.0.0",NA,"R (>= 3.3.0)","Rcpp (>= 0.11.0), stats, utils, methods","Rcpp","tinytest, Matrix (>= 1.3.0), pkgKitten, reticulate, slam",NA,"GPL (>= 2)",NA,NA,NA,NA,"yes","3.6.1"
"RcppEigen","/n04dat04/ypwang/software/R/Lib","0.3.3.9.1",NA,NA,"Matrix (>= 1.1-0), Rcpp (>= 0.11.0), stats, utils","Rcpp","inline, tinytest, pkgKitten, microbenchmark",NA,"GPL (>= 2) | file LICENSE",NA,NA,NA,NA,"yes","3.6.1"
"remotes","/n04dat04/ypwang/software/R/Lib","2.4.0",NA,"R (>= 3.0.0)","methods, stats, tools, utils",NA,"brew, callr, codetools, curl, covr, git2r (>= 0.23.0), knitr,
mockery, pkgbuild (>= 1.0.1), pingr, rmarkdown, rprojroot,
testthat, webfakes, withr",NA,"MIT + file LICENSE",NA,NA,NA,NA,"no","3.6.1"
"reshape","/n04dat04/ypwang/software/R/Lib","0.8.8",NA,"R (>= 2.6.1)","plyr",NA,NA,NA,"MIT + file LICENSE",NA,NA,NA,NA,"yes","3.6.1"
"reshape2","/n04dat04/ypwang/software/R/Lib","1.4.4",NA,"R (>= 3.1)","plyr (>= 1.8.1), Rcpp, stringr","Rcpp","covr, lattice, testthat (>= 0.8.0)",NA,"MIT + file LICENSE",NA,NA,NA,NA,"yes","3.6.1"
"rio","/n04dat04/ypwang/software/R/Lib","0.5.26",NA,"R (>= 2.15.0)","tools, stats, utils, foreign, haven (>= 1.1.2), curl (>= 0.6),
data.table (>= 1.9.8), readxl (>= 0.1.1), openxlsx, tibble",NA,"datasets, bit64, testthat, knitr, magrittr, arrow, clipr,
feather, fst, hexView, jsonlite, pzfx, readODS (>= 1.6.4),
readr, rmarkdown, rmatio, xml2 (>= 1.2.0), yaml",NA,"GPL-2",NA,NA,NA,NA,"no","3.6.1"
"Rmisc","/n04dat04/ypwang/software/R/Lib","1.5",NA,"lattice, plyr",NA,NA,"latticeExtra, Hmisc, stats4",NA,"GPL-3",NA,NA,NA,NA,"no","3.6.1"
"RSQLite","/n04dat04/ypwang/software/R/Lib","2.2.1",NA,"R (>= 3.1.0)","bit64, blob (>= 1.2.0), DBI (>= 1.1.0), memoise, methods,
pkgconfig, Rcpp (>= 0.12.7)","BH, plogr (>= 0.2.0), Rcpp","DBItest (>= 1.7.0), knitr, rmarkdown, testthat",NA,"LGPL (>= 2.1)",NA,NA,NA,NA,"yes","3.6.1"
"rstatix","/n04dat04/ypwang/software/R/Lib","0.7.0",NA,"R (>= 3.3.0)","stats, utils, tidyr (>= 1.0.0), purrr, broom (>= 0.7.4), rlang
(>= 0.3.1), tibble (>= 2.1.3), dplyr (>= 0.7.1), magrittr,
corrplot, tidyselect (>= 1.0.0), car, generics (>= 0.0.2)",NA,"knitr, rmarkdown, ggpubr, graphics, emmeans, coin, boot,
testthat, spelling",NA,"GPL-2",NA,NA,NA,NA,"no","3.6.1"
"rvcheck","/n04dat04/ypwang/software/R/Lib","0.1.8",NA,"R (>= 3.4.0)","BiocManager, utils, rlang",NA,NA,NA,"Artistic-2.0",NA,NA,NA,NA,"no","3.6.1"
"rversions","/n04dat04/ypwang/software/R/Lib","2.1.1",NA,NA,"curl, utils, xml2 (>= 1.0.0)",NA,"mockery, testthat",NA,"MIT + file LICENSE",NA,NA,NA,NA,"no","3.6.1"
"S4Vectors","/n04dat04/ypwang/software/R/Lib","0.24.4",NA,"R (>= 3.3.0), methods, utils, stats, stats4, BiocGenerics (>=
0.31.1)",NA,NA,"IRanges, GenomicRanges, SummarizedExperiment, Matrix,
DelayedArray, ShortRead, graph, data.table, RUnit, BiocStyle",NA,"Artistic-2.0",NA,NA,NA,NA,"yes","3.6.1"
"sandwich","/n04dat04/ypwang/software/R/Lib","3.0-1",NA,"R (>= 3.0.0)","stats, utils, zoo",NA,"AER, car, geepack, lattice, lmtest, MASS, multiwayvcov,
parallel, pcse, plm, pscl, scatterplot3d, stats4, strucchange,
survival",NA,"GPL-2 | GPL-3",NA,NA,NA,NA,"no","3.6.1"
"scales","/n04dat04/ypwang/software/R/Lib","1.1.1",NA,"R (>= 3.2)","farver (>= 2.0.3), labeling, lifecycle, munsell (>= 0.5), R6,
RColorBrewer, viridisLite",NA,"bit64, covr, dichromat, ggplot2, hms (>= 0.5.0), testthat (>=
2.1.0)",NA,"MIT + file LICENSE",NA,NA,NA,NA,"no","3.6.1"
"scatterplot3d","/n04dat04/ypwang/software/R/Lib","0.3-41",NA,"R (>= 2.7.0)","grDevices, graphics, stats",NA,NA,NA,"GPL-2",NA,NA,NA,NA,"no","3.6.1"
"sessioninfo","/n04dat04/ypwang/software/R/Lib","1.1.1",NA,NA,"cli, tools, utils, withr",NA,"callr, covr, mockery, testthat",NA,"GPL-2",NA,NA,NA,NA,"no","3.6.1"
"shinyjs","/n04dat04/ypwang/software/R/Lib","2.0.0",NA,"R (>= 3.1.0)","digest (>= 0.6.8), htmltools (>= 0.2.9), jsonlite, shiny (>=
1.0.0)",NA,"knitr (>= 1.7), rmarkdown, shinyAce, shinydisconnect,
testthat (>= 0.9.1)",NA,"MIT + file LICENSE",NA,NA,NA,NA,"no","3.6.1"
"showtext","/n04dat04/ypwang/software/R/Lib","0.9-2",NA,"sysfonts (>= 0.7.1), showtextdb (>= 2.0)","grDevices",NA,"knitr, rmarkdown, prettydoc, curl, jsonlite",NA,"Apache License (>= 2.0)",NA,NA,NA,NA,"yes","3.6.1"
"showtextdb","/n04dat04/ypwang/software/R/Lib","3.0",NA,NA,"sysfonts (>= 0.7), utils",NA,"curl",NA,"Apache License (>= 2.0)",NA,NA,NA,NA,"no","3.6.1"
"snow","/n04dat04/ypwang/software/R/Lib","0.4-3",NA,"R (>= 2.13.1), utils",NA,NA,"Rmpi,rlecuyer,nws",NA,"GPL",NA,NA,NA,NA,"no","3.6.1"
"sp","/n04dat04/ypwang/software/R/Lib","1.4-5",NA,"R (>= 3.0.0), methods","utils, stats, graphics, grDevices, lattice, grid",NA,"RColorBrewer, rgdal (>= 1.2-3), rgeos (>= 0.3-13), gstat,
maptools, deldir",NA,"GPL (>= 2)",NA,NA,NA,NA,"yes","3.6.1"
"SparseM","/n04dat04/ypwang/software/R/Lib","1.81",NA,"R (>= 2.15), methods","graphics, stats, utils",NA,NA,NA,"GPL (>= 2)",NA,NA,NA,NA,"yes","3.6.1"
"splus2R","/n04dat04/ypwang/software/R/Lib","1.3-3",NA,"R (>= 2.7.2)","methods",NA,NA,NA,"GPL-2",NA,NA,NA,NA,"yes","3.6.1"
"statmod","/n04dat04/ypwang/software/R/Lib","1.4.35",NA,"R (>= 3.0.0)","stats, graphics",NA,"MASS, tweedie",NA,"GPL-2 | GPL-3",NA,NA,NA,NA,"yes","3.6.1"
"stringr","/n04dat04/ypwang/software/R/Lib","1.4.0",NA,"R (>= 3.1)","glue (>= 1.2.0), magrittr, stringi (>= 1.1.7)",NA,"covr, htmltools, htmlwidgets, knitr, rmarkdown, testthat",NA,"GPL-2 | file LICENSE",NA,NA,NA,NA,"no","3.6.1"
"sysfonts","/n04dat04/ypwang/software/R/Lib","0.8.3",NA,NA,NA,NA,"curl, jsonlite",NA,"GPL-2",NA,NA,NA,NA,"yes","3.6.1"
"tidygraph","/n04dat04/ypwang/software/R/Lib","1.2.0",NA,NA,"tibble, dplyr (>= 0.8.5), igraph, magrittr, utils, rlang, R6,
Rcpp, tools, stats, tidyr, pillar","Rcpp","network, data.tree, ape, graph, methods, testthat, covr,
seriation, netrankr, influenceR, NetSwan",NA,"MIT + file LICENSE",NA,NA,NA,NA,"yes","3.6.1"
"tidyverse","/n04dat04/ypwang/software/R/Lib","1.3.1",NA,"R (>= 3.3)","broom (>= 0.7.6), cli (>= 2.4.0), crayon (>= 1.4.1), dbplyr
(>= 2.1.1), dplyr (>= 1.0.5), dtplyr (>= 1.1.0), forcats (>=
0.5.1), googledrive (>= 1.0.1), googlesheets4 (>= 0.3.0),
ggplot2 (>= 3.3.3), haven (>= 2.3.1), hms (>= 1.0.0), httr (>=
1.4.2), jsonlite (>= 1.7.2), lubridate (>= 1.7.10), magrittr
(>= 2.0.1), modelr (>= 0.1.8), pillar (>= 1.6.0), purrr (>=
0.3.4), readr (>= 1.4.0), readxl (>= 1.3.1), reprex (>= 2.0.0),
rlang (>= 0.4.10), rstudioapi (>= 0.13), rvest (>= 1.0.0),
stringr (>= 1.4.0), tibble (>= 3.1.0), tidyr (>= 1.1.3), xml2
(>= 1.3.2)",NA,"covr, feather, glue, knitr, rmarkdown, testthat",NA,"MIT + file LICENSE",NA,NA,NA,NA,"no","3.6.1"
"tmvnsim","/n04dat04/ypwang/software/R/Lib","1.0-2",NA,NA,NA,NA,NA,NA,"GPL-2",NA,NA,NA,NA,"yes","3.6.1"
"triebeard","/n04dat04/ypwang/software/R/Lib","0.3.0",NA,NA,"Rcpp","Rcpp","knitr, rmarkdown, testthat",NA,"MIT + file LICENSE",NA,NA,NA,NA,"yes","3.6.1"
"tweenr","/n04dat04/ypwang/software/R/Lib","1.0.2",NA,"R (>= 3.2.0)","Rcpp (>= 0.12.3), grDevices, farver, magrittr, rlang","Rcpp","testthat, covr",NA,"MIT + file LICENSE",NA,NA,NA,NA,"yes","3.6.1"
"urltools","/n04dat04/ypwang/software/R/Lib","1.7.3",NA,"R (>= 2.10)","Rcpp, methods, triebeard","Rcpp","testthat, knitr",NA,"MIT + file LICENSE",NA,NA,NA,NA,"yes","3.6.1"
"viridis","/n04dat04/ypwang/software/R/Lib","0.6.1",NA,"R (>= 2.10), viridisLite (>= 0.4.0)","stats, ggplot2 (>= 1.0.1), gridExtra",NA,"hexbin (>= 1.27.0), scales, MASS, knitr, dichromat,
colorspace, rasterVis, httr, mapproj, vdiffr, svglite (>=
1.2.0), testthat, covr, rmarkdown, rgdal",NA,"MIT + file LICENSE",NA,NA,NA,NA,"no","3.6.1"
"webshot","/n04dat04/ypwang/software/R/Lib","0.5.2",NA,"R (>= 3.0)","magrittr, jsonlite, callr",NA,"httpuv, knitr, rmarkdown, shiny",NA,"GPL-2",NA,NA,NA,NA,"no","3.6.1"
"WGCNA","/n04dat04/ypwang/software/R/Lib","1.70-3",NA,"R (>= 3.0), dynamicTreeCut (>= 1.62), fastcluster","stats, grDevices, utils, matrixStats (>= 0.8.1), Hmisc,
impute, splines, foreach, doParallel, preprocessCore, survival,
parallel, GO.db, AnnotationDbi, Rcpp (>= 0.11.0)","Rcpp","org.Hs.eg.db, org.Mm.eg.db, infotheo, entropy, minet",NA,"GPL (>= 2)",NA,NA,NA,NA,"yes","3.6.1"
"wordcloud","/n04dat04/ypwang/software/R/Lib","2.6",NA,"methods, RColorBrewer","Rcpp (>= 0.9.4)","Rcpp","tm (>= 0.6), slam",NA,"LGPL-2.1",NA,NA,NA,NA,"yes","3.6.1"
"wordcloud2","/n04dat04/ypwang/software/R/Lib","0.2.1",NA,"R (>= 3.1.0)","htmlwidgets, base64enc, grDevices, graphics",NA,"knitr, rmarkdown, webshot","shiny (>= 0.12)","GPL-2",NA,NA,NA,NA,"no","3.6.1"
"xlsx","/n04dat04/ypwang/software/R/Lib","0.6.5",NA,NA,"rJava, xlsxjars, grDevices, utils",NA,"rprojroot, testthat, covr, tibble, knitr, rmarkdown",NA,"GPL-3",NA,NA,NA,NA,"no","3.6.1"
"xlsxjars","/n04dat04/ypwang/software/R/Lib","0.6.1",NA,"rJava",NA,NA,NA,NA,"GPL-3",NA,NA,NA,NA,"no","3.6.1"
"XML","/n04dat04/ypwang/software/R/Lib","3.99-0.3",NA,"R (>= 2.13.0), methods, utils",NA,NA,"bitops, RCurl",NA,"BSD_3_clause + file LICENSE",NA,NA,NA,NA,"yes","3.6.1"
"xopen","/n04dat04/ypwang/software/R/Lib","1.0.0",NA,"R (>= 3.1)","processx",NA,"ps, testthat",NA,"MIT + file LICENSE",NA,NA,NA,NA,"no","3.6.1"
"XVector","/n04dat04/ypwang/software/R/Lib","0.26.0",NA,"R (>= 2.8.0), methods, BiocGenerics (>= 0.19.2), S4Vectors (>=
0.21.13), IRanges (>= 2.15.12)","methods, utils, zlibbioc, BiocGenerics, S4Vectors, IRanges","S4Vectors, IRanges","Biostrings, drosophila2probe, RUnit",NA,"Artistic-2.0",NA,NA,NA,NA,"yes","3.6.1"
"zlibbioc","/n04dat04/ypwang/software/R/Lib","1.32.0",NA,NA,NA,NA,NA,NA,"Artistic-2.0 + file LICENSE",NA,NA,NA,NA,"yes","3.6.1"
"askpass","/n04dat04/ypwang/software/anaconda3/envs/test/lib/R/library","1.1",NA,NA,"sys (>= 2.1)",NA,"testthat",NA,"MIT + file LICENSE",NA,NA,NA,NA,"yes","3.6.1"
"assertthat","/n04dat04/ypwang/software/anaconda3/envs/test/lib/R/library","0.2.1",NA,NA,"tools",NA,"testthat, covr",NA,"GPL-3",NA,NA,NA,NA,"no","3.6.0"
"backports","/n04dat04/ypwang/software/anaconda3/envs/test/lib/R/library","1.2.1",NA,"R (>= 3.0.0)",NA,NA,NA,NA,"GPL-2 | GPL-3",NA,NA,NA,NA,"yes","3.6.1"
"base","/n04dat04/ypwang/software/anaconda3/envs/test/lib/R/library","3.6.1","base",NA,NA,NA,"methods",NA,"Part of R 3.6.1",NA,NA,NA,NA,NA,"3.6.1"
"base64enc","/n04dat04/ypwang/software/anaconda3/envs/test/lib/R/library","0.1-3",NA,"R (>= 2.9.0)",NA,NA,NA,"png","GPL-2 | GPL-3",NA,NA,NA,NA,"yes","3.6.0"
"BH","/n04dat04/ypwang/software/anaconda3/envs/test/lib/R/library","1.75.0-0",NA,NA,NA,NA,NA,NA,"BSL-1.0",NA,NA,NA,NA,"no","3.6.1"
"bit","/n04dat04/ypwang/software/anaconda3/envs/test/lib/R/library","4.0.4",NA,"R (>= 2.9.2)",NA,NA,"testthat (>= 0.11.0), roxygen2, knitr, rmarkdown,
microbenchmark, bit64 (>= 4.0.0), ff (>= 4.0.0)",NA,"GPL-2 | GPL-3",NA,NA,NA,NA,"yes","3.6.1"
"bit64","/n04dat04/ypwang/software/anaconda3/envs/test/lib/R/library","4.0.5",NA,"R (>= 3.0.1), bit (>= 4.0.0), utils, methods, stats",NA,NA,NA,NA,"GPL-2 | GPL-3",NA,NA,NA,NA,"yes","3.6.1"
"bitops","/n04dat04/ypwang/software/anaconda3/envs/test/lib/R/library","1.0-7",NA,NA,NA,NA,NA,NA,"GPL (>= 2)",NA,NA,NA,NA,"yes","3.6.1"
"blob","/n04dat04/ypwang/software/anaconda3/envs/test/lib/R/library","1.2.1",NA,NA,"methods, rlang, vctrs (>= 0.2.1)",NA,"covr, crayon, pillar (>= 1.2.1), testthat",NA,"GPL-3",NA,NA,NA,NA,"no","3.6.1"
"boot","/n04dat04/ypwang/software/anaconda3/envs/test/lib/R/library","1.3-28","recommended","R (>= 3.0.0), graphics, stats",NA,NA,"MASS, survival",NA,"Unlimited",NA,NA,NA,NA,"no","3.6.1"
"brew","/n04dat04/ypwang/software/anaconda3/envs/test/lib/R/library","1.0-6",NA,NA,NA,NA,NA,NA,"GPL-2",NA,NA,NA,NA,NA,"3.6.1"
"brio","/n04dat04/ypwang/software/anaconda3/envs/test/lib/R/library","1.1.2",NA,NA,NA,NA,"testthat (>= 2.1.0), covr",NA,"MIT + file LICENSE",NA,NA,NA,NA,"yes","3.6.1"
"broom","/n04dat04/ypwang/software/anaconda3/envs/test/lib/R/library","0.7.7",NA,"R (>= 3.1)","backports, dplyr (>= 1.0.0), ellipsis, generics (>= 0.0.2),
glue, methods, purrr, rlang, stringr, tibble (>= 3.0.0), tidyr
(>= 1.0.0)",NA,"AER, akima, AUC, bbmle, betareg, biglm, binGroup, boot,
btergm, car, caret, cluster, cmprsk, coda, covr, drc, e1071,
emmeans, epiR, ergm (>= 3.10.4), fixest (>= 0.8.1), gam (>=
1.15), gee, geepack, ggplot2, glmnet, glmnetUtils, gmm, Hmisc,
irlba, joineRML, Kendall, knitr, ks, Lahman, lavaan, leaps,
lfe, lm.beta, lme4, lmodel2, lmtest (>= 0.9.38), lsmeans, maps,
maptools, margins, MASS, Matrix, mclust, mediation, metafor,
mfx, mgcv, mlogit, modeldata, modeltests, muhaz, multcomp,
network, nnet, orcutt (>= 2.2), ordinal, plm, poLCA, psych,
quantreg, Rchoice, rgeos, rmarkdown, robust, robustbase,
rsample, sandwich, sp, spdep (>= 1.1), spatialreg, speedglm,
spelling, survey, survival, systemfit, testthat (>= 2.1.0),
tseries, vars, zoo",NA,"MIT + file LICENSE",NA,NA,NA,NA,"no","3.6.1"
"bslib","/n04dat04/ypwang/software/anaconda3/envs/test/lib/R/library","0.2.5.1",NA,"R (>= 2.10)","grDevices, htmltools (>= 0.5.1), jsonlite, sass (>= 0.4.0),
jquerylib (>= 0.1.3), rlang, magrittr",NA,"shiny (>= 1.6.0), rmarkdown (>= 2.7), thematic, knitr,
testthat, withr, rappdirs, curl",NA,"MIT + file LICENSE",NA,NA,NA,NA,"no","3.6.1"
"callr","/n04dat04/ypwang/software/anaconda3/envs/test/lib/R/library","3.7.0",NA,NA,"processx (>= 3.5.0), R6, utils",NA,"cli, covr, ps, rprojroot, spelling, testthat, withr (>=
2.3.0)",NA,"MIT + file LICENSE",NA,NA,NA,NA,"no","3.6.1"
"caret","/n04dat04/ypwang/software/anaconda3/envs/test/lib/R/library","6.0-86",NA,"R (>= 3.2.0), lattice (>= 0.20), ggplot2","foreach, methods, plyr, ModelMetrics (>= 1.2.2.2), nlme,
reshape2, stats, stats4, utils, grDevices, recipes (>= 0.1.10),
withr (>= 2.0.0), pROC,",NA,"BradleyTerry2, e1071, earth (>= 2.2-3), fastICA, gam (>=
1.15), ipred, kernlab, knitr, klaR, MASS, ellipse, mda, mgcv,
mlbench, MLmetrics, nnet, party (>= 0.9-99992), pls, proxy,
randomForest, RANN, spls, subselect, pamr, superpc, Cubist,
testthat (>= 0.9.1), rpart, dplyr, covr",NA,"GPL (>= 2)",NA,NA,NA,NA,"yes","3.6.1"
"caTools","/n04dat04/ypwang/software/anaconda3/envs/test/lib/R/library","1.18.1",NA,"R (>= 3.6.0)","bitops",NA,"MASS, rpart",NA,"GPL-3",NA,NA,NA,NA,"yes","3.6.1"
"cellranger","/n04dat04/ypwang/software/anaconda3/envs/test/lib/R/library","1.1.0",NA,"R (>= 3.0.0)","rematch, tibble",NA,"covr, testthat (>= 1.0.0), knitr, rmarkdown",NA,"MIT + file LICENSE",NA,NA,NA,NA,"no","3.6.0"
"class","/n04dat04/ypwang/software/anaconda3/envs/test/lib/R/library","7.3-19","recommended","R (>= 3.0.0), stats, utils","MASS",NA,NA,NA,"GPL-2 | GPL-3",NA,NA,NA,NA,"yes","3.6.1"
"cli","/n04dat04/ypwang/software/anaconda3/envs/test/lib/R/library","2.5.0",NA,"R (>= 2.10)","glue, utils",NA,"callr, covr, grDevices, htmlwidgets, knitr, methods, mockery,
ps (>= 1.3.4.9000), rmarkdown, rstudioapi, prettycode (>=
1.1.0), testthat, tibble, withr",NA,"MIT + file LICENSE",NA,NA,NA,NA,"no","3.6.1"
"clipr","/n04dat04/ypwang/software/anaconda3/envs/test/lib/R/library","0.7.1",NA,NA,"utils",NA,"covr, knitr, rmarkdown, rstudioapi (>= 0.5), testthat (>=
2.0.0)",NA,"GPL-3",NA,NA,NA,NA,"no","3.6.1"
"cluster","/n04dat04/ypwang/software/anaconda3/envs/test/lib/R/library","2.1.1","recommended","R (>= 3.4.0)","graphics, grDevices, stats, utils",NA,"MASS, Matrix",NA,"GPL (>= 2)",NA,NA,NA,NA,"yes","3.6.1"
"codetools","/n04dat04/ypwang/software/anaconda3/envs/test/lib/R/library","0.2-18","recommended","R (>= 2.1)",NA,NA,NA,NA,"GPL",NA,NA,NA,NA,"no","3.6.1"
"colorspace","/n04dat04/ypwang/software/anaconda3/envs/test/lib/R/library","2.0-1",NA,"R (>= 3.0.0), methods","graphics, grDevices, stats",NA,"datasets, utils, KernSmooth, MASS, kernlab, mvtnorm, vcd,
tcltk, shiny, shinyjs, ggplot2, dplyr, scales, grid, png, jpeg,
knitr, rmarkdown, RColorBrewer, rcartocolor, scico, viridis,
wesanderson",NA,"BSD_3_clause + file LICENSE",NA,NA,NA,NA,"yes","3.6.1"
"commonmark","/n04dat04/ypwang/software/anaconda3/envs/test/lib/R/library","1.7",NA,NA,NA,NA,"curl, testthat, xml2",NA,"BSD_2_clause + file LICENSE",NA,NA,NA,NA,"yes","3.6.1"
"compiler","/n04dat04/ypwang/software/anaconda3/envs/test/lib/R/library","3.6.1","base",NA,NA,NA,NA,NA,"Part of R 3.6.1",NA,NA,NA,NA,NA,"3.6.1"
"config","/n04dat04/ypwang/software/anaconda3/envs/test/lib/R/library","0.3.1",NA,NA,"yaml (>= 2.1.19)",NA,"testthat, knitr, rmarkdown, covr, spelling",NA,"GPL-3",NA,NA,NA,NA,"no","3.6.1"
"covr","/n04dat04/ypwang/software/anaconda3/envs/test/lib/R/library","3.5.1",NA,"R (>= 3.1.0), methods","digest, stats, utils, jsonlite, rex, httr, crayon, withr (>=
1.0.2), yaml",NA,"R6, curl, knitr, rmarkdown, htmltools, DT (>= 0.2), testthat,
rlang, rstudioapi (>= 0.2), xml2 (>= 1.0.0), parallel, memoise,
mockery",NA,"GPL-3",NA,NA,NA,NA,"yes","3.6.1"
"cpp11","/n04dat04/ypwang/software/anaconda3/envs/test/lib/R/library","0.2.7",NA,NA,NA,NA,"bench, brio, callr, cli, covr, decor, desc, ggplot2, glue,
knitr, lobstr, mockery, progress, rmarkdown, scales, testthat,
tibble, utils, vctrs, withr",NA,"MIT + file LICENSE",NA,NA,NA,NA,"no","3.6.1"
"crayon","/n04dat04/ypwang/software/anaconda3/envs/test/lib/R/library","1.4.1",NA,NA,"grDevices, methods, utils",NA,"mockery, rstudioapi, testthat, withr",NA,"MIT + file LICENSE",NA,NA,NA,NA,"no","3.6.1"
"credentials","/n04dat04/ypwang/software/anaconda3/envs/test/lib/R/library","1.3.0",NA,NA,"openssl (>= 1.3), sys (>= 2.1), curl, jsonlite, askpass",NA,"testthat, knitr, rmarkdown",NA,"MIT + file LICENSE",NA,NA,NA,NA,"no","3.6.1"
"crosstalk","/n04dat04/ypwang/software/anaconda3/envs/test/lib/R/library","1.1.1",NA,NA,"htmltools (>= 0.3.6), jsonlite, lazyeval, R6",NA,"shiny, ggplot2, testthat (>= 2.1.0)",NA,"MIT + file LICENSE",NA,NA,NA,NA,"no","3.6.1"
"curl","/n04dat04/ypwang/software/anaconda3/envs/test/lib/R/library","4.3.1",NA,"R (>= 3.0.0)",NA,NA,"spelling, testthat (>= 1.0.0), knitr, jsonlite, rmarkdown,
magrittr, httpuv (>= 1.4.4), webutils",NA,"MIT + file LICENSE",NA,NA,NA,NA,"yes","3.6.1"
"data.table","/n04dat04/ypwang/software/anaconda3/envs/test/lib/R/library","1.12.2",NA,"R (>= 3.1.0)","methods",NA,"bit64, curl, R.utils, knitr, xts, nanotime, zoo",NA,"MPL-2.0 | file LICENSE",NA,NA,NA,NA,"yes","3.6.0"
"datasets","/n04dat04/ypwang/software/anaconda3/envs/test/lib/R/library","3.6.1","base",NA,NA,NA,NA,NA,"Part of R 3.6.1",NA,NA,NA,NA,NA,"3.6.1"
"DBI","/n04dat04/ypwang/software/anaconda3/envs/test/lib/R/library","1.1.1",NA,"methods, R (>= 3.0.0)",NA,NA,"blob, covr, dbplyr, dplyr, glue, hms, knitr, magrittr,
rmarkdown, rprojroot, RMariaDB, RSQLite (>= 1.1-2), testthat,
xml2",NA,"LGPL (>= 2.1)",NA,NA,NA,NA,"no","3.6.1"
"dbplyr","/n04dat04/ypwang/software/anaconda3/envs/test/lib/R/library","2.1.1",NA,"R (>= 3.1)","assertthat (>= 0.2.0), blob (>= 1.2.0), DBI (>= 1.0.0), dplyr
(>= 1.0.4), ellipsis, glue (>= 1.2.0), lifecycle (>= 1.0.0),
magrittr, methods, purrr (>= 0.2.5), R6 (>= 2.2.2), rlang (>=
0.2.0), tibble (>= 1.4.2), tidyselect (>= 0.2.4), utils, vctrs,
withr",NA,"bit64, covr, knitr, Lahman, nycflights13, odbc, RMariaDB (>=
1.0.2), rmarkdown, RPostgres (>= 1.1.3), RPostgreSQL, RSQLite
(>= 2.1.0), testthat (>= 3.0.2), tidyr",NA,"MIT + file LICENSE",NA,NA,NA,NA,"no","3.6.1"
"desc","/n04dat04/ypwang/software/anaconda3/envs/test/lib/R/library","1.3.0",NA,"R (>= 3.1.0)","utils, R6, crayon, rprojroot",NA,"covr, testthat, whoami, withr, spelling, gh",NA,"MIT + file LICENSE",NA,NA,NA,NA,"no","3.6.1"
"dichromat","/n04dat04/ypwang/software/anaconda3/envs/test/lib/R/library","2.0-0",NA,"R (>= 2.10), stats",NA,NA,NA,NA,"GPL-2",NA,NA,NA,NA,NA,"3.6.0"
"diffobj","/n04dat04/ypwang/software/anaconda3/envs/test/lib/R/library","0.3.4",NA,"R (>= 3.1.0)","crayon (>= 1.3.2), tools, methods, utils, stats",NA,"knitr, rmarkdown",NA,"GPL (>= 2)",NA,NA,NA,NA,"yes","3.6.1"
"digest","/n04dat04/ypwang/software/anaconda3/envs/test/lib/R/library","0.6.27",NA,"R (>= 3.3.0)","utils",NA,"tinytest, knitr, rmarkdown, minidown",NA,"GPL (>= 2)",NA,NA,NA,NA,"yes","3.6.1"
"dplyr","/n04dat04/ypwang/software/anaconda3/envs/test/lib/R/library","1.0.5",NA,"R (>= 3.3.0)","ellipsis, generics, glue (>= 1.3.2), lifecycle (>= 1.0.0),
magrittr (>= 1.5), methods, R6, rlang (>= 0.4.10), tibble (>=
2.1.3), tidyselect (>= 1.1.0), utils, vctrs (>= 0.3.5)",NA,"bench, broom, callr, covr, DBI, dbplyr (>= 1.4.3), knitr,
Lahman, lobstr, microbenchmark, nycflights13, purrr, rmarkdown,
RMySQL, RPostgreSQL, RSQLite, testthat (>= 3.0.2), tidyr, withr",NA,"MIT + file LICENSE",NA,NA,NA,NA,"yes","3.6.1"
"DT","/n04dat04/ypwang/software/anaconda3/envs/test/lib/R/library","0.18",NA,NA,"htmltools (>= 0.3.6), htmlwidgets (>= 1.3), jsonlite (>=
0.9.16), magrittr, crosstalk, promises",NA,"knitr (>= 1.8), rmarkdown, shiny (>= 1.6), bslib, testit",NA,"GPL-3 | file LICENSE",NA,NA,NA,NA,"no","3.6.1"
"ellipsis","/n04dat04/ypwang/software/anaconda3/envs/test/lib/R/library","0.3.2",NA,"R (>= 3.2)","rlang (>= 0.3.0)",NA,"covr, testthat",NA,"MIT + file LICENSE",NA,NA,NA,NA,"yes","3.6.1"
"evaluate","/n04dat04/ypwang/software/anaconda3/envs/test/lib/R/library","0.14",NA,"R (>= 3.0.2)","methods",NA,"testthat, lattice, ggplot2",NA,"MIT + file LICENSE",NA,NA,NA,NA,"no","3.6.1"
"fansi","/n04dat04/ypwang/software/anaconda3/envs/test/lib/R/library","0.4.2",NA,"R (>= 3.1.0)",NA,NA,"unitizer, knitr, rmarkdown",NA,"GPL (>= 2)",NA,NA,NA,NA,"yes","3.6.1"
"farver","/n04dat04/ypwang/software/anaconda3/envs/test/lib/R/library","2.1.0",NA,NA,NA,NA,"testthat (>= 2.1.0), covr",NA,"MIT + file LICENSE",NA,NA,NA,NA,"yes","3.6.1"
"fastmap","/n04dat04/ypwang/software/anaconda3/envs/test/lib/R/library","1.1.0",NA,NA,NA,NA,"testthat (>= 2.1.1)",NA,"MIT + file LICENSE",NA,NA,NA,NA,"yes","3.6.1"
"forcats","/n04dat04/ypwang/software/anaconda3/envs/test/lib/R/library","0.5.1",NA,"R (>= 3.2)","ellipsis, magrittr, rlang, tibble",NA,"covr, dplyr, ggplot2, knitr, readr, rmarkdown, testthat",NA,"MIT + file LICENSE",NA,NA,NA,NA,"no","3.6.1"
"foreach","/n04dat04/ypwang/software/anaconda3/envs/test/lib/R/library","1.5.1",NA,"R (>= 2.5.0)","codetools, utils, iterators",NA,"randomForest, doMC, doParallel, testthat, knitr, rmarkdown",NA,"Apache License (== 2.0)",NA,NA,NA,NA,"no","3.6.1"
"foreign","/n04dat04/ypwang/software/anaconda3/envs/test/lib/R/library","0.8-71",NA,"R (>= 3.0.0)","methods, utils, stats",NA,NA,NA,"GPL (>= 2)",NA,NA,NA,NA,"yes","3.6.0"
"forge","/n04dat04/ypwang/software/anaconda3/envs/test/lib/R/library","0.2.0",NA,"R (>= 3.1.2)","rlang (>= 0.3.1), magrittr",NA,"testthat, covr",NA,"Apache License (>= 2.0)",NA,NA,NA,NA,"no","3.6.0"
"formatR","/n04dat04/ypwang/software/anaconda3/envs/test/lib/R/library","1.11",NA,"R (>= 3.2.3)",NA,NA,"codetools, shiny, testit, rmarkdown, knitr",NA,"GPL",NA,NA,NA,NA,"no","3.6.1"
"fs","/n04dat04/ypwang/software/anaconda3/envs/test/lib/R/library","1.5.0",NA,"R (>= 3.1)","methods",NA,"testthat, covr, pillar (>= 1.0.0), tibble (>= 1.1.0), crayon,
rmarkdown, knitr, withr, spelling, vctrs (>= 0.3.0)",NA,"GPL-3",NA,NA,NA,NA,"yes","3.6.1"
"generics","/n04dat04/ypwang/software/anaconda3/envs/test/lib/R/library","0.1.0",NA,"R (>= 3.1)","methods",NA,"covr, pkgload, testthat, tibble",NA,"MIT + file LICENSE",NA,NA,NA,NA,"no","3.6.1"
"ggplot2","/n04dat04/ypwang/software/anaconda3/envs/test/lib/R/library","3.3.3",NA,"R (>= 3.2)","digest, glue, grDevices, grid, gtable (>= 0.1.1), isoband,
MASS, mgcv, rlang (>= 0.3.0), scales (>= 0.5.0), stats, tibble,
withr (>= 2.0.0)",NA,"covr, dplyr, ggplot2movies, hexbin, Hmisc, knitr, lattice,
mapproj, maps, maptools, multcomp, munsell, nlme, profvis,
quantreg, RColorBrewer, rgeos, rmarkdown, rpart, sf (>= 0.7-3),
svglite (>= 1.2.0.9001), testthat (>= 2.1.0), vdiffr (>= 0.3.0)","sp","MIT + file LICENSE",NA,NA,NA,NA,"no","3.6.1"
"gh","/n04dat04/ypwang/software/anaconda3/envs/test/lib/R/library","1.3.0",NA,NA,"cli (>= 2.0.1), gitcreds, httr (>= 1.2), ini, jsonlite",NA,"covr, knitr, mockery, rmarkdown, rprojroot, spelling,
testthat (>= 2.3.2), withr",NA,"MIT + file LICENSE",NA,NA,NA,NA,"no","3.6.1"
"gitcreds","/n04dat04/ypwang/software/anaconda3/envs/test/lib/R/library","0.1.1",NA,NA,NA,NA,"codetools, testthat, knitr, mockery, oskeyring, rmarkdown,
withr",NA,"MIT + file LICENSE",NA,NA,NA,NA,"no","3.6.1"
"glmnet","/n04dat04/ypwang/software/anaconda3/envs/test/lib/R/library","4.1-1",NA,"R (>= 3.6.0), Matrix (>= 1.0-6)","methods, utils, foreach, shape, survival",NA,"knitr, lars, testthat, xfun, rmarkdown",NA,"GPL-2",NA,NA,NA,NA,"yes","3.6.1"
"globals","/n04dat04/ypwang/software/anaconda3/envs/test/lib/R/library","0.14.0",NA,"R (>= 3.1.2)","codetools",NA,NA,NA,"LGPL (>= 2.1)",NA,NA,NA,NA,"no","3.6.1"
"glue","/n04dat04/ypwang/software/anaconda3/envs/test/lib/R/library","1.4.2",NA,"R (>= 3.2)","methods",NA,"testthat, covr, magrittr, crayon, knitr, rmarkdown, DBI,
RSQLite, R.utils, forcats, microbenchmark, rprintf, stringr,
ggplot2, dplyr, withr, vctrs (>= 0.3.0)",NA,"MIT + file LICENSE",NA,NA,NA,NA,"yes","3.6.1"
"gower","/n04dat04/ypwang/software/anaconda3/envs/test/lib/R/library","0.2.2",NA,NA,NA,NA,"tinytest (>= 0.9.3),",NA,"GPL-3",NA,NA,NA,NA,"yes","3.6.1"
"graphics","/n04dat04/ypwang/software/anaconda3/envs/test/lib/R/library","3.6.1","base",NA,"grDevices",NA,NA,NA,"Part of R 3.6.1",NA,NA,NA,NA,"yes","3.6.1"
"grDevices","/n04dat04/ypwang/software/anaconda3/envs/test/lib/R/library","3.6.1","base",NA,NA,NA,"KernSmooth",NA,"Part of R 3.6.1",NA,NA,NA,NA,"yes","3.6.1"
"grid","/n04dat04/ypwang/software/anaconda3/envs/test/lib/R/library","3.6.1","base",NA,"grDevices, utils",NA,"lattice",NA,"Part of R 3.6.1",NA,NA,NA,NA,"yes","3.6.1"
"gtable","/n04dat04/ypwang/software/anaconda3/envs/test/lib/R/library","0.3.0",NA,"R (>= 3.0)","grid",NA,"covr, testthat, knitr, rmarkdown, ggplot2, profvis",NA,"GPL-2",NA,NA,NA,NA,"no","3.6.0"
"haven","/n04dat04/ypwang/software/anaconda3/envs/test/lib/R/library","2.4.0",NA,"R (>= 3.2)","forcats (>= 0.2.0), hms, methods, readr (>= 0.1.0), rlang (>=
0.4.0), tibble, tidyselect, vctrs (>= 0.3.0)","cpp11","cli, covr, crayon, fs, knitr, pillar (>= 1.4.0), rmarkdown,
testthat (>= 3.0.0)",NA,"MIT + file LICENSE",NA,NA,NA,NA,"yes","3.6.1"
"hexbin","/n04dat04/ypwang/software/anaconda3/envs/test/lib/R/library","1.28.2",NA,"R (>= 2.0.1), methods","lattice, grid, graphics, grDevices, stats, utils",NA,"marray, affy, Biobase, limma, knitr",NA,"GPL-2",NA,NA,NA,NA,"yes","3.6.1"
"highr","/n04dat04/ypwang/software/anaconda3/envs/test/lib/R/library","0.9",NA,"R (>= 3.2.3)","xfun (>= 0.18)",NA,"knitr, markdown, testit",NA,"GPL",NA,NA,NA,NA,"no","3.6.1"
"hms","/n04dat04/ypwang/software/anaconda3/envs/test/lib/R/library","1.0.0",NA,NA,"ellipsis, lifecycle, methods, pkgconfig, rlang, vctrs (>=
0.2.1)",NA,"crayon, lubridate, pillar (>= 1.1.0), testthat (>= 3.0.0)",NA,"MIT + file LICENSE",NA,NA,NA,NA,"no","3.6.1"
"htmltools","/n04dat04/ypwang/software/anaconda3/envs/test/lib/R/library","0.5.1.1",NA,"R (>= 2.14.1)","utils, digest, grDevices, base64enc, rlang",NA,"markdown, testthat, withr, Cairo, ragg, shiny","knitr","GPL (>= 2)",NA,NA,NA,NA,"yes","3.6.1"
"htmlwidgets","/n04dat04/ypwang/software/anaconda3/envs/test/lib/R/library","1.5.3",NA,NA,"grDevices, htmltools (>= 0.3), jsonlite (>= 0.9.16), yaml",NA,"knitr (>= 1.8), rmarkdown, testthat","shiny (>= 1.1)","MIT + file LICENSE",NA,NA,NA,NA,"no","3.6.1"
"httpuv","/n04dat04/ypwang/software/anaconda3/envs/test/lib/R/library","1.5.5",NA,"R (>= 2.15.1)","Rcpp (>= 0.11.0), utils, R6, promises, later (>= 0.8.0)","Rcpp, BH, later","testthat, callr, curl, websocket",NA,"GPL (>= 2) | file LICENSE",NA,NA,NA,NA,"yes","3.6.1"
"httr","/n04dat04/ypwang/software/anaconda3/envs/test/lib/R/library","1.4.2",NA,"R (>= 3.2)","curl (>= 3.0.0), jsonlite, mime, openssl (>= 0.8), R6",NA,"covr, httpuv, jpeg, knitr, png, readr, rmarkdown, testthat
(>= 0.8.0), xml2",NA,"MIT + file LICENSE",NA,NA,NA,NA,"no","3.6.1"
"ini","/n04dat04/ypwang/software/anaconda3/envs/test/lib/R/library","0.3.1",NA,NA,NA,NA,"testthat",NA,"GPL-3",NA,NA,NA,NA,"no","3.6.1"
"ipred","/n04dat04/ypwang/software/anaconda3/envs/test/lib/R/library","0.9-11",NA,"R (>= 2.10)","rpart (>= 3.1-8), MASS, survival, nnet, class, prodlim",NA,"mvtnorm, mlbench, TH.data, randomForest, party",NA,"GPL (>= 2)",NA,NA,NA,NA,"yes","3.6.1"
"IRdisplay","/n04dat04/ypwang/software/anaconda3/envs/test/lib/R/library","1.0",NA,"R (>= 3.0.1)","methods, repr",NA,"testthat, withr",NA,"MIT + file LICENSE",NA,NA,NA,NA,"no","3.6.1"
"IRkernel","/n04dat04/ypwang/software/anaconda3/envs/test/lib/R/library","1.2",NA,"R (>= 3.2.0)","repr (>= 0.4.99), methods, evaluate (>= 0.10), IRdisplay (>=
0.3.0.9999), pbdZMQ (>= 0.2-1), crayon, jsonlite (>= 0.9.6),
uuid, digest",NA,"testthat, roxygen2",NA,"MIT + file LICENSE",NA,NA,NA,NA,"no","3.6.1"
"isoband","/n04dat04/ypwang/software/anaconda3/envs/test/lib/R/library","0.2.4",NA,NA,"grid, utils",NA,"covr, ggplot2, knitr, magick, microbenchmark, rmarkdown, sf,
testthat, xml2",NA,"MIT + file LICENSE",NA,NA,NA,NA,"yes","3.6.1"
"iterators","/n04dat04/ypwang/software/anaconda3/envs/test/lib/R/library","1.0.13",NA,"R (>= 2.5.0), utils",NA,NA,"RUnit, foreach",NA,"Apache License (== 2.0)",NA,NA,NA,NA,"no","3.6.1"
"jquerylib","/n04dat04/ypwang/software/anaconda3/envs/test/lib/R/library","0.1.4",NA,NA,"htmltools",NA,"testthat",NA,"MIT + file LICENSE",NA,NA,NA,NA,"no","3.6.1"
"jsonlite","/n04dat04/ypwang/software/anaconda3/envs/test/lib/R/library","1.7.2",NA,"methods",NA,NA,"httr, curl, plyr, testthat, knitr, rmarkdown, R.rsp, sf",NA,"MIT + file LICENSE",NA,NA,NA,NA,"yes","3.6.1"
"KernSmooth","/n04dat04/ypwang/software/anaconda3/envs/test/lib/R/library","2.23-20","recommended","R (>= 2.5.0), stats",NA,NA,"MASS, carData",NA,"Unlimited",NA,NA,NA,NA,"yes","3.6.1"
"knitr","/n04dat04/ypwang/software/anaconda3/envs/test/lib/R/library","1.33",NA,"R (>= 3.2.3)","evaluate (>= 0.10), highr, methods, markdown, stringr (>=
0.6), yaml (>= 2.1.19), xfun (>= 0.21), tools",NA,"formatR, testit, digest, rgl (>= 0.95.1201), codetools,
rmarkdown, htmlwidgets (>= 0.7), webshot, tikzDevice (>= 0.10),
tinytex, reticulate (>= 1.4), JuliaCall (>= 0.11.1), magick,
png, jpeg, gifski, xml2 (>= 1.2.0), httr, DBI (>= 0.4-1),
showtext, tibble, sass, bslib, ragg, styler (>= 1.2.0)",NA,"GPL",NA,NA,NA,NA,"no","3.6.1"
"labeling","/n04dat04/ypwang/software/anaconda3/envs/test/lib/R/library","0.4.2",NA,NA,"stats, graphics",NA,NA,NA,"MIT + file LICENSE | Unlimited",NA,NA,NA,NA,"no","3.6.1"
"later","/n04dat04/ypwang/software/anaconda3/envs/test/lib/R/library","1.2.0",NA,NA,"Rcpp (>= 0.12.9), rlang","Rcpp","knitr, rmarkdown, testthat (>= 2.1.0)",NA,"MIT + file LICENSE",NA,NA,NA,NA,"yes","3.6.1"
"lattice","/n04dat04/ypwang/software/anaconda3/envs/test/lib/R/library","0.20-44","recommended","R (>= 3.0.0)","grid, grDevices, graphics, stats, utils",NA,"KernSmooth, MASS, latticeExtra","chron","GPL (>= 2)",NA,NA,NA,NA,"yes","3.6.1"
"lava","/n04dat04/ypwang/software/anaconda3/envs/test/lib/R/library","1.6.9",NA,"R (>= 3.0)","grDevices, graphics, methods, numDeriv, stats, survival,
SQUAREM, utils",NA,"KernSmooth, Matrix, Rgraphviz, data.table, ellipse, fields,
foreach, geepack, gof (>= 0.9), graph, knitr, bookdown,
rmarkdown, igraph (>= 0.6), lava.tobit (>= 0.4.7), lavaSearch2,
lme4, magrittr, mets (>= 1.1), nlme, optimx, polycor, quantreg,
rgl, R.rsp (>= 0.40), testthat (>= 0.11), visNetwork, zoo",NA,"GPL-3",NA,NA,NA,NA,"no","3.6.1"
"lazyeval","/n04dat04/ypwang/software/anaconda3/envs/test/lib/R/library","0.2.2",NA,"R (>= 3.1.0)",NA,NA,"knitr, rmarkdown (>= 0.2.65), testthat, covr",NA,"GPL-3",NA,NA,NA,NA,"yes","3.6.0"
"lifecycle","/n04dat04/ypwang/software/anaconda3/envs/test/lib/R/library","1.0.0",NA,"R (>= 3.3)","glue, rlang (>= 0.4.10)",NA,"covr, crayon, knitr, rmarkdown, testthat (>= 3.0.1), tibble",NA,"MIT + file LICENSE",NA,NA,NA,NA,"no","3.6.1"
"lubridate","/n04dat04/ypwang/software/anaconda3/envs/test/lib/R/library","1.7.10",NA,"methods, R (>= 3.2)","generics, Rcpp (>= 0.12.13)","Rcpp","covr, knitr, testthat (>= 2.1.0), vctrs (>= 0.3.0), rmarkdown","chron, timeDate, tis, zoo","GPL (>= 2)",NA,NA,NA,NA,"yes","3.6.1"
"magrittr","/n04dat04/ypwang/software/anaconda3/envs/test/lib/R/library","2.0.1",NA,NA,NA,NA,"covr, knitr, rlang, rmarkdown, testthat",NA,"MIT + file LICENSE",NA,NA,NA,NA,"yes","3.6.1"
"maps","/n04dat04/ypwang/software/anaconda3/envs/test/lib/R/library","3.3.0",NA,"R (>= 3.0.0)","graphics, utils",NA,"mapproj (>= 1.2-0), mapdata (>= 2.3.0), sp, maptools,
rnaturalearth",NA,"GPL-2",NA,NA,NA,NA,"yes","3.6.0"
"markdown","/n04dat04/ypwang/software/anaconda3/envs/test/lib/R/library","1.1",NA,"R (>= 2.11.1)","utils, xfun, mime (>= 0.3)",NA,"knitr, RCurl",NA,"GPL-2",NA,NA,NA,NA,"yes","3.6.1"
"MASS","/n04dat04/ypwang/software/anaconda3/envs/test/lib/R/library","7.3-53.1","recommended","R (>= 3.1.0), grDevices, graphics, stats, utils","methods",NA,"lattice, nlme, nnet, survival",NA,"GPL-2 | GPL-3",NA,NA,NA,NA,"yes","3.6.1"
"Matrix","/n04dat04/ypwang/software/anaconda3/envs/test/lib/R/library","1.3-3","recommended","R (>= 3.5.0)","methods, graphics, grid, stats, utils, lattice",NA,"expm, MASS","MatrixModels, graph, SparseM, sfsmisc, igraph, maptools, sp,
spdep","GPL (>= 2) | file LICENCE",NA,NA,NA,NA,"yes","3.6.1"
"memoise","/n04dat04/ypwang/software/anaconda3/envs/test/lib/R/library","2.0.0",NA,NA,"rlang (>= 0.4.10), cachem",NA,"digest, aws.s3, covr, googleAuthR, googleCloudStorageR, httr,
testthat",NA,"MIT + file LICENSE",NA,NA,NA,NA,"no","3.6.1"
"methods","/n04dat04/ypwang/software/anaconda3/envs/test/lib/R/library","3.6.1","base",NA,"utils, stats",NA,"codetools",NA,"Part of R 3.6.1",NA,NA,NA,NA,"yes","3.6.1"
"mgcv","/n04dat04/ypwang/software/anaconda3/envs/test/lib/R/library","1.8-35","recommended","R (>= 3.6.0), nlme (>= 3.1-64)","methods, stats, graphics, Matrix, splines, utils",NA,"parallel, survival, MASS",NA,"GPL (>= 2)",NA,NA,NA,NA,"yes","3.6.1"
"mime","/n04dat04/ypwang/software/anaconda3/envs/test/lib/R/library","0.10",NA,NA,"tools",NA,NA,NA,"GPL",NA,NA,NA,NA,"yes","3.6.1"
"miniUI","/n04dat04/ypwang/software/anaconda3/envs/test/lib/R/library","0.1.1.1",NA,NA,"shiny (>= 0.13), htmltools (>= 0.3), utils",NA,NA,NA,"GPL-3",NA,NA,NA,NA,"no","3.6.0"
"ModelMetrics","/n04dat04/ypwang/software/anaconda3/envs/test/lib/R/library","1.2.2.2",NA,"R (>= 3.2.2)","Rcpp, data.table","Rcpp","testthat",NA,"GPL (>= 2)",NA,NA,NA,NA,"yes","3.6.1"
"modelr","/n04dat04/ypwang/software/anaconda3/envs/test/lib/R/library","0.1.8",NA,"R (>= 3.2)","broom, magrittr, purrr (>= 0.2.2), rlang (>= 0.2.0), tibble,
tidyr (>= 0.8.0), tidyselect, vctrs",NA,"compiler, covr, ggplot2, testthat",NA,"GPL-3",NA,NA,NA,NA,"no","3.6.1"
"mongolite","/n04dat04/ypwang/software/anaconda3/envs/test/lib/R/library","2.3.1",NA,NA,"jsonlite (>= 1.4), openssl (>= 1.0), mime",NA,"spelling, nycflights13, ggplot2",NA,"Apache License 2.0",NA,NA,NA,NA,"yes","3.6.1"
"munsell","/n04dat04/ypwang/software/anaconda3/envs/test/lib/R/library","0.5.0",NA,NA,"colorspace, methods",NA,"ggplot2, testthat",NA,"MIT + file LICENSE",NA,NA,NA,NA,"no","3.6.0"
"NbClust","/n04dat04/ypwang/software/anaconda3/envs/test/lib/R/library","3.0",NA,"R (>= 3.1.0)",NA,NA,NA,NA,"GPL-2",NA,NA,NA,NA,"no","3.6.1"
"nlme","/n04dat04/ypwang/software/anaconda3/envs/test/lib/R/library","3.1-152","recommended","R (>= 3.4.0)","graphics, stats, utils, lattice",NA,"Hmisc, MASS",NA,"GPL (>= 2) | file LICENCE",NA,NA,NA,NA,"yes","3.6.1"
"nnet","/n04dat04/ypwang/software/anaconda3/envs/test/lib/R/library","7.3-15","recommended","R (>= 3.0.0), stats, utils",NA,NA,"MASS",NA,"GPL-2 | GPL-3",NA,NA,NA,NA,"yes","3.6.1"
"numDeriv","/n04dat04/ypwang/software/anaconda3/envs/test/lib/R/library","2016.8-1.1",NA,"R (>= 2.11.1)",NA,NA,NA,NA,"GPL-2",NA,NA,NA,NA,"no","3.6.1"
"odbc","/n04dat04/ypwang/software/anaconda3/envs/test/lib/R/library","1.3.2",NA,"R (>= 3.2.0)","bit64, blob (>= 1.2.0), DBI (>= 1.0.0), hms, methods, rlang,
Rcpp (>= 0.12.11)","Rcpp","covr, DBItest, magrittr, RSQLite, testthat, tibble",NA,"MIT + file LICENSE",NA,NA,NA,NA,"yes","3.6.1"
"openssl","/n04dat04/ypwang/software/anaconda3/envs/test/lib/R/library","1.4.4",NA,NA,"askpass",NA,"testthat (>= 2.1.0), digest, knitr, rmarkdown, jsonlite,
jose, sodium",NA,"MIT + file LICENSE",NA,NA,NA,NA,"yes","3.6.1"
"packrat","/n04dat04/ypwang/software/anaconda3/envs/test/lib/R/library","0.6.0",NA,"R (>= 3.0.0)","tools, utils",NA,"testthat (>= 0.7), devtools, httr, knitr, rmarkdown",NA,"GPL-2",NA,NA,NA,NA,"no","3.6.1"
"parallel","/n04dat04/ypwang/software/anaconda3/envs/test/lib/R/library","3.6.1","base",NA,"tools, compiler",NA,"methods","snow, nws, Rmpi","Part of R 3.6.1",NA,NA,NA,NA,"yes","3.6.1"
"pbdZMQ","/n04dat04/ypwang/software/anaconda3/envs/test/lib/R/library","0.3-5",NA,"R (>= 3.5.0)",NA,NA,NA,NA,"GPL-3",NA,NA,NA,NA,"yes","3.6.1"
"pillar","/n04dat04/ypwang/software/anaconda3/envs/test/lib/R/library","1.6.0",NA,NA,"cli, crayon (>= 1.3.4), ellipsis, fansi, lifecycle, rlang (>=
0.3.0), utf8 (>= 1.1.0), utils, vctrs (>= 0.2.0)",NA,"bit64, debugme, DiagrammeR, dplyr, ggplot2, knitr, lubridate,
nycflights13, palmerpenguins, rmarkdown, scales, stringi,
survival, testthat (>= 3.0.2), tibble, withr",NA,"MIT + file LICENSE",NA,NA,NA,NA,"no","3.6.1"
"pkgbuild","/n04dat04/ypwang/software/anaconda3/envs/test/lib/R/library","1.2.0",NA,"R (>= 3.1)","callr (>= 3.2.0), cli, crayon, desc, prettyunits, R6,
rprojroot, withr (>= 2.1.2)",NA,"Rcpp, cpp11, testthat, covr",NA,"MIT + file LICENSE",NA,NA,NA,NA,"no","3.6.1"
"pkgconfig","/n04dat04/ypwang/software/anaconda3/envs/test/lib/R/library","2.0.3",NA,NA,"utils",NA,"covr, testthat, disposables (>= 1.0.3)",NA,"MIT + file LICENSE",NA,NA,NA,NA,"no","3.6.1"
"pkgload","/n04dat04/ypwang/software/anaconda3/envs/test/lib/R/library","1.2.1",NA,NA,"cli, crayon, desc, methods, rlang, rprojroot, rstudioapi,
utils, withr",NA,"bitops, covr, pkgbuild, Rcpp, testthat",NA,"GPL-3",NA,NA,NA,NA,"yes","3.6.1"
"PKI","/n04dat04/ypwang/software/anaconda3/envs/test/lib/R/library","0.1-8",NA,"R (>= 2.9.0), base64enc",NA,NA,NA,"gmp","GPL-2 | GPL-3 | file LICENSE",NA,NA,NA,NA,"yes","3.6.1"
"plogr","/n04dat04/ypwang/software/anaconda3/envs/test/lib/R/library","0.2.0",NA,NA,NA,NA,"Rcpp",NA,"MIT + file LICENSE",NA,NA,NA,NA,"no","3.6.0"
"plyr","/n04dat04/ypwang/software/anaconda3/envs/test/lib/R/library","1.8.6",NA,"R (>= 3.1.0)","Rcpp (>= 0.11.0)","Rcpp","abind, covr, doParallel, foreach, iterators, itertools,
tcltk, testthat",NA,"MIT + file LICENSE",NA,NA,NA,NA,"yes","3.6.1"
"praise","/n04dat04/ypwang/software/anaconda3/envs/test/lib/R/library","1.0.0",NA,NA,NA,NA,"testthat",NA,"MIT + file LICENSE",NA,NA,NA,NA,"no","3.6.1"
"prettyunits","/n04dat04/ypwang/software/anaconda3/envs/test/lib/R/library","1.1.1",NA,NA,NA,NA,"codetools, covr, testthat",NA,"MIT + file LICENSE",NA,NA,NA,NA,"no","3.6.1"
"pROC","/n04dat04/ypwang/software/anaconda3/envs/test/lib/R/library","1.17.0.1",NA,"R (>= 2.14)","methods, plyr, Rcpp (>= 0.11.1)","Rcpp","microbenchmark, tcltk, MASS, logcondens, doParallel,
testthat, vdiffr, ggplot2",NA,"GPL (>= 3)",NA,NA,NA,NA,"yes","3.6.1"
"processx","/n04dat04/ypwang/software/anaconda3/envs/test/lib/R/library","3.5.2",NA,NA,"ps (>= 1.2.0), R6, utils",NA,"callr (>= 3.2.0), cli, codetools, covr, curl, debugme,
parallel, testthat, withr",NA,"MIT + file LICENSE",NA,NA,NA,NA,"yes","3.6.1"
"prodlim","/n04dat04/ypwang/software/anaconda3/envs/test/lib/R/library","2019.11.13",NA,"R (>= 2.9.0)","Rcpp (>= 0.11.5), stats, grDevices, graphics, survival,
KernSmooth, lava","Rcpp",NA,NA,"GPL (>= 2)",NA,NA,NA,NA,"yes","3.6.1"
"profvis","/n04dat04/ypwang/software/anaconda3/envs/test/lib/R/library","0.3.7",NA,"R (>= 3.0)","htmlwidgets (>= 0.3.2), stringr",NA,"knitr, ggplot2, rmarkdown, testthat, devtools, shiny,
htmltools",NA,"GPL-3 | file LICENSE",NA,NA,NA,NA,"yes","3.6.1"
"progress","/n04dat04/ypwang/software/anaconda3/envs/test/lib/R/library","1.2.2",NA,NA,"hms, prettyunits, R6, crayon",NA,"Rcpp, testthat, withr",NA,"MIT + file LICENSE",NA,NA,NA,NA,"no","3.6.1"
"promises","/n04dat04/ypwang/software/anaconda3/envs/test/lib/R/library","1.2.0.1",NA,NA,"R6, Rcpp, later, rlang, stats, magrittr","later, Rcpp","testthat, future (>= 1.21.0), fastmap (>= 1.1.0), purrr,
knitr, rmarkdown, vembedr, spelling",NA,"MIT + file LICENSE",NA,NA,NA,NA,"yes","3.6.1"
"ps","/n04dat04/ypwang/software/anaconda3/envs/test/lib/R/library","1.5.0",NA,"R (>= 3.1)","utils",NA,"callr, covr, curl, pingr, processx (>= 3.1.0), R6, rlang,
testthat, tibble",NA,"MIT + file LICENSE",NA,NA,NA,NA,"yes","3.6.1"
"purrr","/n04dat04/ypwang/software/anaconda3/envs/test/lib/R/library","0.3.4",NA,"R (>= 3.2)","magrittr (>= 1.5), rlang (>= 0.3.1)",NA,"covr, crayon, dplyr (>= 0.7.8), knitr, rmarkdown, testthat,
tibble, tidyselect",NA,"GPL-3 | file LICENSE",NA,NA,NA,NA,"yes","3.6.1"
"quantmod","/n04dat04/ypwang/software/anaconda3/envs/test/lib/R/library","0.4.18",NA,"R (>= 3.2.0), xts(>= 0.9-0), zoo, TTR(>= 0.2), methods","curl",NA,"DBI,RMySQL,RSQLite,timeSeries,xml2,downloader,jsonlite(>=
1.1)",NA,"GPL-3",NA,NA,NA,NA,"no","3.6.1"
"r2d3","/n04dat04/ypwang/software/anaconda3/envs/test/lib/R/library","0.2.5",NA,"R (>= 3.1.2)","htmlwidgets (>= 1.2), htmltools, jsonlite, rstudioapi",NA,"knitr, rmarkdown, R6, shiny, shinytest, testthat, webshot",NA,"BSD_3_clause + file LICENSE",NA,NA,NA,NA,"no","3.6.1"
"R6","/n04dat04/ypwang/software/anaconda3/envs/test/lib/R/library","2.5.0",NA,"R (>= 3.0)",NA,NA,"knitr, microbenchmark, pryr, testthat, ggplot2, scales",NA,"MIT + file LICENSE",NA,NA,NA,NA,"no","3.6.1"
"randomForest","/n04dat04/ypwang/software/anaconda3/envs/test/lib/R/library","4.6-14",NA,"R (>= 3.2.2), stats",NA,NA,"RColorBrewer, MASS",NA,"GPL (>= 2)",NA,NA,NA,NA,"yes","3.6.0"
"rappdirs","/n04dat04/ypwang/software/anaconda3/envs/test/lib/R/library","0.3.3",NA,"R (>= 3.2)",NA,NA,"roxygen2, testthat (>= 3.0.0), covr, withr",NA,"MIT + file LICENSE",NA,NA,NA,NA,"yes","3.6.1"
"rbokeh","/n04dat04/ypwang/software/anaconda3/envs/test/lib/R/library","0.6.3",NA,NA,"R6,
jsonlite,
digest,
methods,
htmlwidgets,
magrittr,
curl,
glue,
rlang,
scales,
hexbin,
lattice,
maps",NA,"testthat,
lintr,
roxygen2 (>= 5.0.0)",NA,"MIT + file LICENSE",NA,NA,NA,NA,"no","3.6.0"
"rcmdcheck","/n04dat04/ypwang/software/anaconda3/envs/test/lib/R/library","1.3.3",NA,NA,"callr (>= 3.1.1.9000), cli (>= 1.1.0), crayon, desc (>=
1.2.0), digest, pkgbuild, prettyunits, R6, rprojroot,
sessioninfo (>= 1.1.1), utils, withr, xopen",NA,"covr, knitr, mockery, rmarkdown, testthat",NA,"MIT + file LICENSE",NA,NA,NA,NA,"no","3.6.1"
"RColorBrewer","/n04dat04/ypwang/software/anaconda3/envs/test/lib/R/library","1.1-2",NA,"R (>= 2.0.0)",NA,NA,NA,NA,"Apache License 2.0",NA,NA,NA,NA,"no","3.6.0"
"Rcpp","/n04dat04/ypwang/software/anaconda3/envs/test/lib/R/library","1.0.6",NA,NA,"methods, utils",NA,"tinytest, inline, rbenchmark, pkgKitten (>= 0.1.2)",NA,"GPL (>= 2)",NA,NA,NA,NA,"yes","3.6.1"
"RcppRoll","/n04dat04/ypwang/software/anaconda3/envs/test/lib/R/library","0.3.0",NA,"R (>= 2.15.1)","Rcpp","Rcpp","zoo, testthat",NA,"GPL (>= 2)",NA,NA,NA,NA,"yes","3.6.0"
"RCurl","/n04dat04/ypwang/software/anaconda3/envs/test/lib/R/library","1.98-1.3",NA,"R (>= 3.4.0), methods","bitops",NA,"XML",NA,"BSD_3_clause + file LICENSE",NA,NA,NA,NA,"yes","3.6.1"
"readr","/n04dat04/ypwang/software/anaconda3/envs/test/lib/R/library","1.4.0",NA,"R (>= 3.1)","cli, clipr, crayon, hms (>= 0.4.1), methods, rlang, R6,
tibble, utils, lifecycle","BH, cpp11","covr, curl, dplyr, knitr, rmarkdown, spelling, stringi,
testthat, xml2",NA,"GPL (>= 2) | file LICENSE",NA,NA,NA,NA,"yes","3.6.1"
"readxl","/n04dat04/ypwang/software/anaconda3/envs/test/lib/R/library","1.3.1",NA,NA,"cellranger, Rcpp (>= 0.12.18), tibble (>= 1.3.1), utils","progress, Rcpp","covr, knitr, rmarkdown, rprojroot (>= 1.1), testthat",NA,"GPL-3",NA,NA,NA,NA,"yes","3.6.0"
"recipes","/n04dat04/ypwang/software/anaconda3/envs/test/lib/R/library","0.1.16",NA,"R (>= 3.1), dplyr","ellipsis, generics (>= 0.1.0), glue, gower, ipred, lifecycle,
lubridate, magrittr, Matrix, purrr (>= 0.2.3), rlang (>=
0.4.0), stats, tibble, tidyr (>= 1.0.0), tidyselect (>= 1.1.0),
timeDate, utils, withr",NA,"covr, ddalpha, dimRed (>= 0.2.2), fastICA, ggplot2, igraph,
kernlab, knitr, modeldata, RANN, RcppRoll, rmarkdown, rpart,
rsample, RSpectra, testthat (>= 2.1.0), xml2",NA,"MIT + file LICENSE",NA,NA,NA,NA,"no","3.6.1"
"rematch","/n04dat04/ypwang/software/anaconda3/envs/test/lib/R/library","1.0.1",NA,NA,NA,NA,"covr, testthat",NA,"MIT + file LICENSE",NA,NA,NA,NA,"no","3.6.0"
"rematch2","/n04dat04/ypwang/software/anaconda3/envs/test/lib/R/library","2.1.2",NA,NA,"tibble",NA,"covr, testthat",NA,"MIT + file LICENSE",NA,NA,NA,NA,"no","3.6.1"
"remotes","/n04dat04/ypwang/software/anaconda3/envs/test/lib/R/library","2.3.0",NA,"R (>= 3.0.0)","methods, stats, tools, utils",NA,"brew, callr, codetools, curl, covr, git2r (>= 0.23.0), knitr,
mockery, pkgbuild (>= 1.0.1), pingr, rmarkdown, rprojroot,
testthat, webfakes, withr",NA,"GPL (>= 2)",NA,NA,NA,NA,"no","3.6.1"
"repr","/n04dat04/ypwang/software/anaconda3/envs/test/lib/R/library","1.1.3",NA,"R (>= 3.0.1)","utils, grDevices, htmltools, jsonlite, pillar (>= 1.4.0),
base64enc",NA,"methods, highr, Cairo, stringr, testthat (>= 3.0.0), leaflet","data.table, tibble, htmlwidgets, vegalite, plotly, geojsonio","GPL-3",NA,NA,NA,NA,"no","3.6.1"
"reprex","/n04dat04/ypwang/software/anaconda3/envs/test/lib/R/library","2.0.0",NA,"R (>= 3.3)","callr (>= 3.6.0), cli (>= 2.3.1), clipr (>= 0.4.0), fs, glue,
knitr (>= 1.23), rlang (>= 0.4.0), rmarkdown, rstudioapi,
utils, withr (>= 2.3.0)",NA,"covr, fortunes, miniUI, mockr, rprojroot, sessioninfo, shiny,
spelling, styler (>= 1.2.0), testthat (>= 3.0.2)",NA,"MIT + file LICENSE",NA,NA,NA,NA,"no","3.6.1"
"reshape2","/n04dat04/ypwang/software/anaconda3/envs/test/lib/R/library","1.4.4",NA,"R (>= 3.1)","plyr (>= 1.8.1), Rcpp, stringr","Rcpp","covr, lattice, testthat (>= 0.8.0)",NA,"MIT + file LICENSE",NA,NA,NA,NA,"yes","3.6.1"
"rex","/n04dat04/ypwang/software/anaconda3/envs/test/lib/R/library","1.2.0",NA,NA,"lazyeval",NA,"testthat, knitr, rmarkdown, dplyr, ggplot2, magrittr, Hmisc,
stringr, rvest, roxygen2, covr",NA,"MIT + file LICENSE",NA,NA,NA,NA,"no","3.6.1"
"rJava","/n04dat04/ypwang/software/anaconda3/envs/test/lib/R/library","0.9-11",NA,"R (>= 2.5.0), methods",NA,NA,NA,NA,"GPL-2",NA,NA,NA,NA,"yes","3.6.0"
"RJDBC","/n04dat04/ypwang/software/anaconda3/envs/test/lib/R/library","0.2-8",NA,"methods, DBI, rJava (>= 0.4-15), R (>= 2.4.0)",NA,NA,NA,NA,"MIT + file LICENSE",NA,NA,NA,NA,"no","3.6.1"
"RJSONIO","/n04dat04/ypwang/software/anaconda3/envs/test/lib/R/library","1.3-1.4",NA,NA,"methods",NA,NA,NA,"BSD_3_clause + file LICENSE",NA,NA,NA,NA,"yes","3.6.1"
"rlang","/n04dat04/ypwang/software/anaconda3/envs/test/lib/R/library","0.4.11",NA,"R (>= 3.3.0)","utils",NA,"cli, covr, crayon, glue, magrittr, methods, pak, pillar,
rmarkdown, testthat (>= 3.0.0), vctrs (>= 0.2.3), withr","winch","MIT + file LICENSE",NA,NA,NA,NA,"yes","3.6.1"
"rmarkdown","/n04dat04/ypwang/software/anaconda3/envs/test/lib/R/library","2.9",NA,"R (>= 3.0)","tools, utils, knitr (>= 1.22), yaml (>= 2.1.19), htmltools (>=
0.3.5), evaluate (>= 0.13), jsonlite, tinytex (>= 0.31), xfun
(>= 0.21), methods, stringr (>= 1.2.0)",NA,"shiny (>= 1.6.0), tufte, testthat (>= 3.0.0), digest,
dygraphs, vctrs, tibble, fs, rsconnect, withr (>= 2.4.2), bslib
(>= 0.2.5.1), sass (>= 0.4.0)",NA,"GPL-3",NA,NA,NA,NA,"no","3.6.1"
"roxygen2","/n04dat04/ypwang/software/anaconda3/envs/test/lib/R/library","7.1.1",NA,"R (>= 3.2)","brew, commonmark, desc (>= 1.2.0), digest, knitr, methods,
pkgload (>= 1.0.2), purrr (>= 0.3.3), R6 (>= 2.1.2), Rcpp (>=
0.11.0), rlang, stringi, stringr (>= 1.0.0), utils, xml2","Rcpp","covr, devtools, rmarkdown, testthat (>= 2.1.0), R.methodsS3,
R.oo",NA,"GPL (>= 2)",NA,NA,NA,NA,"yes","3.6.1"
"rpart","/n04dat04/ypwang/software/anaconda3/envs/test/lib/R/library","4.1-15",NA,"R (>= 2.15.0), graphics, stats, grDevices",NA,NA,"survival",NA,"GPL-2 | GPL-3",NA,NA,NA,NA,"yes","3.6.0"
"rprojroot","/n04dat04/ypwang/software/anaconda3/envs/test/lib/R/library","2.0.2",NA,"R (>= 3.0.0)",NA,NA,"covr, knitr, lifecycle, mockr, rmarkdown, testthat (>=
3.0.0), withr",NA,"MIT + file LICENSE",NA,NA,NA,NA,"no","3.6.1"
"rsconnect","/n04dat04/ypwang/software/anaconda3/envs/test/lib/R/library","0.8.18",NA,"R (>= 3.0.0)","curl, digest, jsonlite, openssl, packrat (>= 0.6), rstudioapi
(>= 0.5), yaml (>= 2.1.5)",NA,"RCurl, callr, httpuv, knitr, plumber (>= 0.3.2), reticulate,
rmarkdown (>= 1.1), shiny, sourcetools, testthat, xtable",NA,"GPL-2",NA,NA,NA,NA,"no","3.6.1"
"rstudioapi","/n04dat04/ypwang/software/anaconda3/envs/test/lib/R/library","0.13",NA,NA,NA,NA,"testthat, knitr, rmarkdown, clipr",NA,"MIT + file LICENSE",NA,NA,NA,NA,"no","3.6.1"
"rversions","/n04dat04/ypwang/software/anaconda3/envs/test/lib/R/library","2.0.2",NA,NA,"curl, utils, xml2 (>= 1.0.0)",NA,"mockery, testthat",NA,"MIT + file LICENSE",NA,NA,NA,NA,"no","3.6.1"
"rvest","/n04dat04/ypwang/software/anaconda3/envs/test/lib/R/library","1.0.0",NA,"R (>= 3.2)","httr (>= 0.5), lifecycle (>= 1.0.0), magrittr, rlang (>=
0.4.10), selectr, tibble, xml2 (>= 1.3)",NA,"covr, glue, knitr, readr, rmarkdown, repurrrsive, spelling,
stringi (>= 0.3.1), testthat (>= 3.0.2), webfakes",NA,"MIT + file LICENSE",NA,NA,NA,NA,"no","3.6.1"
"sass","/n04dat04/ypwang/software/anaconda3/envs/test/lib/R/library","0.4.0",NA,NA,"fs, rlang (>= 0.4.10), htmltools (>= 0.5.1), R6, rappdirs",NA,"testthat, knitr, rmarkdown, withr, shiny, curl",NA,"MIT + file LICENSE",NA,NA,NA,NA,"yes","3.6.1"
"scales","/n04dat04/ypwang/software/anaconda3/envs/test/lib/R/library","1.1.1",NA,"R (>= 3.2)","farver (>= 2.0.3), labeling, lifecycle, munsell (>= 0.5), R6,
RColorBrewer, viridisLite",NA,"bit64, covr, dichromat, ggplot2, hms (>= 0.5.0), testthat (>=
2.1.0)",NA,"MIT + file LICENSE",NA,NA,NA,NA,"no","3.6.1"
"selectr","/n04dat04/ypwang/software/anaconda3/envs/test/lib/R/library","0.4-2",NA,"R (>= 3.0)","methods, stringr, R6",NA,"testthat, XML, xml2",NA,"BSD_3_clause + file LICENCE",NA,NA,NA,NA,"no","3.6.1"
"sessioninfo","/n04dat04/ypwang/software/anaconda3/envs/test/lib/R/library","1.1.1",NA,NA,"cli, tools, utils, withr",NA,"callr, covr, mockery, testthat",NA,"GPL-2",NA,NA,NA,NA,"no","3.6.1"
"shape","/n04dat04/ypwang/software/anaconda3/envs/test/lib/R/library","1.4.6",NA,"R (>= 2.01)","stats, graphics, grDevices",NA,NA,NA,"GPL (>= 3)",NA,NA,NA,NA,"no","3.6.1"
"shiny","/n04dat04/ypwang/software/anaconda3/envs/test/lib/R/library","1.6.0",NA,"R (>= 3.0.2), methods","utils, grDevices, httpuv (>= 1.5.2), mime (>= 0.3), jsonlite
(>= 0.9.16), xtable, digest (>= 0.6.25), htmltools (>=
0.5.0.9001), R6 (>= 2.0), sourcetools, later (>= 1.0.0),
promises (>= 1.1.0), tools, crayon, rlang (>= 0.4.9), fastmap
(>= 1.0.0), withr, commonmark (>= 1.7), glue (>= 1.3.2), bslib
(>= 0.2.2.9002), cachem, ellipsis, lifecycle (>= 0.2.0)",NA,"datasets, Cairo (>= 1.5-5), testthat (>= 2.1.1), knitr (>=
1.6), markdown, rmarkdown, ggplot2, reactlog (>= 1.0.0),
magrittr, shinytest (>= 1.4.0.9003), yaml, future, dygraphs,
ragg, showtext, sass",NA,"GPL-3 | file LICENSE",NA,NA,NA,NA,"no","3.6.1"
"sourcetools","/n04dat04/ypwang/software/anaconda3/envs/test/lib/R/library","0.1.7",NA,"R (>= 3.0.2)",NA,NA,"testthat",NA,"MIT + file LICENSE",NA,NA,NA,NA,"yes","3.6.0"
"sparklyr","/n04dat04/ypwang/software/anaconda3/envs/test/lib/R/library","1.7.1",NA,"R (>= 3.2)","assertthat, base64enc, blob, config (>= 0.2), DBI (>= 0.6-1),
dbplyr (>= 1.1.0), digest, dplyr (>= 0.7.2), ellipsis (>=
0.1.0), forge, generics, globals, glue, httr (>= 1.2.1),
jsonlite (>= 1.4), lifecycle, methods, openssl (>= 0.8), purrr,
r2d3, rappdirs, rlang (>= 0.1.4), rprojroot, rstudioapi (>=
0.10), stringr, tibble, tidyr, tidyselect, uuid, vctrs, withr,
xml2",NA,"arrow (>= 0.14.0), broom, diffobj, foreach, ggplot2,
iterators, janeaustenr, Lahman, mlbench, nnet, nycflights13,
R6, RCurl, reshape2, shiny (>= 1.0.1), testthat",NA,"Apache License 2.0 | file LICENSE",NA,NA,NA,NA,"no","3.6.1"
"spatial","/n04dat04/ypwang/software/anaconda3/envs/test/lib/R/library","7.3-14","recommended","R (>= 3.0.0), graphics, stats, utils",NA,NA,"MASS",NA,"GPL-2 | GPL-3",NA,NA,NA,NA,"yes","3.6.1"
"splines","/n04dat04/ypwang/software/anaconda3/envs/test/lib/R/library","3.6.1","base",NA,"graphics, stats",NA,"Matrix, methods",NA,"Part of R 3.6.1",NA,NA,NA,NA,"yes","3.6.1"
"SQUAREM","/n04dat04/ypwang/software/anaconda3/envs/test/lib/R/library","2021.1",NA,"R (>= 3.0)",NA,NA,"setRNG",NA,"GPL (>= 2)",NA,NA,NA,NA,"no","3.6.1"
"stats","/n04dat04/ypwang/software/anaconda3/envs/test/lib/R/library","3.6.1","base",NA,"utils, grDevices, graphics",NA,"MASS, Matrix, SuppDists, methods, stats4",NA,"Part of R 3.6.1",NA,NA,NA,NA,"yes","3.6.1"
"stats4","/n04dat04/ypwang/software/anaconda3/envs/test/lib/R/library","3.6.1","base",NA,"graphics, methods, stats",NA,NA,NA,"Part of R 3.6.1",NA,NA,NA,NA,NA,"3.6.1"
"stringi","/n04dat04/ypwang/software/anaconda3/envs/test/lib/R/library","1.4.3",NA,"R (>= 2.14)","tools, utils, stats",NA,NA,NA,"file LICENSE","yes",NA,NA,NA,"yes","3.6.0"
"stringr","/n04dat04/ypwang/software/anaconda3/envs/test/lib/R/library","1.4.0",NA,"R (>= 3.1)","glue (>= 1.2.0), magrittr, stringi (>= 1.1.7)",NA,"covr, htmltools, htmlwidgets, knitr, rmarkdown, testthat",NA,"GPL-2 | file LICENSE",NA,NA,NA,NA,"no","3.6.0"
"survival","/n04dat04/ypwang/software/anaconda3/envs/test/lib/R/library","3.2-9","recommended","R (>= 3.5.0)","graphics, Matrix, methods, splines, stats, utils",NA,NA,NA,"LGPL (>= 2)",NA,NA,NA,NA,"yes","3.6.1"
"sys","/n04dat04/ypwang/software/anaconda3/envs/test/lib/R/library","3.4",NA,NA,NA,NA,"unix (>= 1.4), spelling, testthat",NA,"MIT + file LICENSE",NA,NA,NA,NA,"yes","3.6.1"
"tcltk","/n04dat04/ypwang/software/anaconda3/envs/test/lib/R/library","3.6.1","base",NA,"utils",NA,NA,NA,"Part of R 3.6.1",NA,NA,NA,NA,"yes","3.6.1"
"testthat","/n04dat04/ypwang/software/anaconda3/envs/test/lib/R/library","3.0.2",NA,"R (>= 3.1)","brio, callr (>= 3.5.1), cli (>= 2.2.0), crayon (>= 1.3.4),
desc, digest, ellipsis (>= 0.2.0), evaluate, jsonlite,
lifecycle, magrittr, methods, pkgload, praise, processx, ps (>=
1.3.4), R6 (>= 2.2.0), rlang (>= 0.4.9), utils, waldo (>=
0.2.4), withr (>= 2.3.0)",NA,"covr, curl (>= 0.9.5), diffviewer (>= 0.1.0), knitr, mockery,
rmarkdown, rstudioapi, shiny, usethis, vctrs (>= 0.1.0), xml2",NA,"MIT + file LICENSE",NA,NA,NA,NA,"yes","3.6.1"
"tibble","/n04dat04/ypwang/software/anaconda3/envs/test/lib/R/library","3.1.0",NA,"R (>= 3.1.0)","ellipsis (>= 0.2.0), fansi (>= 0.4.0), lifecycle (>= 0.2.0),
magrittr, methods, pillar (>= 1.5.0), pkgconfig, rlang (>=
0.4.3), utils, vctrs (>= 0.3.2)",NA,"bench, bit64, blob, cli, covr, crayon (>= 1.3.4), DiagrammeR,
dplyr, evaluate, formattable, ggplot2, hms, htmltools, import,
knitr, lubridate, mockr, nycflights13, purrr, rmarkdown,
testthat (>= 3.0.2), tidyr, withr",NA,"MIT + file LICENSE",NA,NA,NA,NA,"yes","3.6.1"
"tidyr","/n04dat04/ypwang/software/anaconda3/envs/test/lib/R/library","1.1.3",NA,"R (>= 3.1)","dplyr (>= 0.8.2), ellipsis (>= 0.1.0), glue, lifecycle,
magrittr, purrr, rlang, tibble (>= 2.1.1), tidyselect (>=
1.1.0), utils, vctrs (>= 0.3.6)","cpp11 (>= 0.2.6)","covr, data.table, jsonlite, knitr, readr, repurrrsive (>=
1.0.0), rmarkdown, testthat (>= 3.0.0)",NA,"MIT + file LICENSE",NA,NA,NA,NA,"yes","3.6.1"
"tidyselect","/n04dat04/ypwang/software/anaconda3/envs/test/lib/R/library","1.1.1",NA,"R (>= 3.2)","ellipsis, glue (>= 1.3.0), purrr (>= 0.3.2), rlang (>= 0.4.6),
vctrs (>= 0.3.0)",NA,"covr, crayon, dplyr, knitr, magrittr, rmarkdown, testthat (>=
2.3.0), tibble (>= 2.1.3), withr",NA,"MIT + file LICENSE",NA,NA,NA,NA,"yes","3.6.1"
"tidyverse","/n04dat04/ypwang/software/anaconda3/envs/test/lib/R/library","1.3.1",NA,"R (>= 3.3)","broom (>= 0.7.6), cli (>= 2.4.0), crayon (>= 1.4.1), dbplyr
(>= 2.1.1), dplyr (>= 1.0.5), dtplyr (>= 1.1.0), forcats (>=
0.5.1), googledrive (>= 1.0.1), googlesheets4 (>= 0.3.0),
ggplot2 (>= 3.3.3), haven (>= 2.3.1), hms (>= 1.0.0), httr (>=
1.4.2), jsonlite (>= 1.7.2), lubridate (>= 1.7.10), magrittr
(>= 2.0.1), modelr (>= 0.1.8), pillar (>= 1.6.0), purrr (>=
0.3.4), readr (>= 1.4.0), readxl (>= 1.3.1), reprex (>= 2.0.0),
rlang (>= 0.4.10), rstudioapi (>= 0.13), rvest (>= 1.0.0),
stringr (>= 1.4.0), tibble (>= 3.1.0), tidyr (>= 1.1.3), xml2
(>= 1.3.2)",NA,"covr, feather, glue, knitr, rmarkdown, testthat",NA,"MIT + file LICENSE",NA,NA,NA,NA,"no","3.6.1"
"timeDate","/n04dat04/ypwang/software/anaconda3/envs/test/lib/R/library","3043.102",NA,"R (>= 2.15.1), graphics, utils, stats, methods",NA,NA,"date, RUnit",NA,"GPL (>= 2)",NA,NA,NA,NA,"no","3.6.0"
"tinytex","/n04dat04/ypwang/software/anaconda3/envs/test/lib/R/library","0.31",NA,NA,"xfun (>= 0.19)",NA,"testit, rstudioapi",NA,"MIT + file LICENSE",NA,NA,NA,NA,"no","3.6.1"
"tools","/n04dat04/ypwang/software/anaconda3/envs/test/lib/R/library","3.6.1","base",NA,NA,NA,"codetools, methods, xml2, curl, commonmark",NA,"Part of R 3.6.1",NA,NA,NA,NA,"yes","3.6.1"
"TTR","/n04dat04/ypwang/software/anaconda3/envs/test/lib/R/library","0.24.2",NA,NA,"xts (>= 0.10-0), zoo, curl","xts","RUnit","quantmod","GPL (>= 2)",NA,NA,NA,NA,"yes","3.6.1"
"utf8","/n04dat04/ypwang/software/anaconda3/envs/test/lib/R/library","1.2.1",NA,"R (>= 2.10)",NA,NA,"covr, knitr, rlang, rmarkdown, testthat (>= 3.0.0)",NA,"Apache License (== 2.0) | file LICENSE",NA,NA,NA,NA,"yes","3.6.1"
"utils","/n04dat04/ypwang/software/anaconda3/envs/test/lib/R/library","3.6.1","base",NA,NA,NA,"methods, xml2, commonmark",NA,"Part of R 3.6.1",NA,NA,NA,NA,"yes","3.6.1"
"uuid","/n04dat04/ypwang/software/anaconda3/envs/test/lib/R/library","0.1-4",NA,"R (>= 2.9.0)",NA,NA,NA,NA,"MIT + file LICENSE",NA,NA,NA,NA,"yes","3.6.1"
"vctrs","/n04dat04/ypwang/software/anaconda3/envs/test/lib/R/library","0.3.7",NA,"R (>= 3.3)","ellipsis (>= 0.2.0), glue, rlang (>= 0.4.10)",NA,"bit64, covr, crayon, dplyr (>= 0.8.5), generics, knitr,
pillar (>= 1.4.4), pkgdown, rmarkdown, testthat (>= 2.3.0),
tibble, withr, xml2, waldo (>= 0.2.0), zeallot",NA,"MIT + file LICENSE",NA,NA,NA,NA,"yes","3.6.1"
"viridisLite","/n04dat04/ypwang/software/anaconda3/envs/test/lib/R/library","0.4.0",NA,"R (>= 2.10)",NA,NA,"hexbin (>= 1.27.0), ggplot2 (>= 1.0.1), testthat, covr",NA,"MIT + file LICENSE",NA,NA,NA,NA,"no","3.6.1"
"waldo","/n04dat04/ypwang/software/anaconda3/envs/test/lib/R/library","0.2.5",NA,NA,"cli, diffobj, fansi, glue, methods, rematch2, rlang (>=
0.4.10), tibble",NA,"testthat (>= 3.0.0), covr, R6",NA,"MIT + file LICENSE",NA,NA,NA,NA,"no","3.6.1"
"whisker","/n04dat04/ypwang/software/anaconda3/envs/test/lib/R/library","0.4",NA,NA,NA,NA,"markdown",NA,"GPL-3",NA,NA,NA,NA,"no","3.6.1"
"withr","/n04dat04/ypwang/software/anaconda3/envs/test/lib/R/library","2.4.2",NA,"R (>= 3.2.0)","graphics, grDevices, stats",NA,"covr, DBI, knitr, lattice, methods, rmarkdown, RSQLite,
testthat (>= 2.1.0)",NA,"MIT + file LICENSE",NA,NA,NA,NA,"no","3.6.1"
"xfun","/n04dat04/ypwang/software/anaconda3/envs/test/lib/R/library","0.21",NA,NA,"stats, tools",NA,"testit, parallel, codetools, rstudioapi, tinytex, mime,
markdown, knitr, htmltools, remotes, pak, rmarkdown",NA,"MIT + file LICENSE",NA,NA,NA,NA,"yes","3.6.1"
"xml2","/n04dat04/ypwang/software/anaconda3/envs/test/lib/R/library","1.3.2",NA,"R (>= 3.1.0)","methods",NA,"covr, curl, httr, knitr, magrittr, mockery, rmarkdown,
testthat (>= 2.1.0)",NA,"GPL (>= 2)",NA,NA,NA,NA,"yes","3.6.1"
"xopen","/n04dat04/ypwang/software/anaconda3/envs/test/lib/R/library","1.0.0",NA,"R (>= 3.1)","processx",NA,"ps, testthat",NA,"MIT + file LICENSE",NA,NA,NA,NA,"no","3.6.1"
"xtable","/n04dat04/ypwang/software/anaconda3/envs/test/lib/R/library","1.8-4",NA,"R (>= 2.10.0)","stats, utils",NA,"knitr, plm, zoo, survival",NA,"GPL (>= 2)",NA,NA,NA,NA,"no","3.6.0"
"xts","/n04dat04/ypwang/software/anaconda3/envs/test/lib/R/library","0.12.1",NA,"zoo (>= 1.7-12)","methods","zoo","timeSeries, timeDate, tseries, chron, fts, tis, RUnit",NA,"GPL (>= 2)",NA,NA,NA,NA,"yes","3.6.1"
"yaml","/n04dat04/ypwang/software/anaconda3/envs/test/lib/R/library","2.2.1",NA,NA,NA,NA,"RUnit",NA,"BSD_3_clause + file LICENSE",NA,NA,NA,NA,"yes","3.6.1"
"zip","/n04dat04/ypwang/software/anaconda3/envs/test/lib/R/library","2.1.1",NA,NA,NA,NA,"covr, processx, R6, testthat, withr",NA,"CC0",NA,NA,NA,NA,"yes","3.6.1"
"zoo","/n04dat04/ypwang/software/anaconda3/envs/test/lib/R/library","1.8-9",NA,"R (>= 3.1.0), stats","utils, graphics, grDevices, lattice (>= 0.20-27)",NA,"AER, coda, chron, fts, ggplot2 (>= 3.0.0), mondate, scales,
stinepack, strucchange, timeDate, timeSeries, tis, tseries, xts",NA,"GPL-2 | GPL-3",NA,NA,NA,NA,"yes","3.6.1"
